date_taken,kickoff,league,fixture,market,selection,p_model,odds_available,fair_odds,edge_pct,devigged_market_p,odds_closing,fair_closing,clv_raw_pct,clv_fair_pct,result,stake,pnl,source_note
2026-09-20T09:58:13+00:00,2026-09-20,E0,Bournemouth v Liverpool,1x2,H,0.389367,3.2,2.5683,24.598,0.295691,3.1,3.2823,3.226,-2.508,loss,0.0,-1.0,"cbets daily run, football-data.co.uk via repo, 2026-09-20"
2026-09-20T09:58:13+00:00,2026-09-20,N1,Feyenoord v Utrecht,over_under,UNDER,0.3602,3.4,2.7762,22.468,0.281184,3.5,3.6923,-2.857,-7.917,loss,0.0,-1.0,"cbets daily run, football-data.co.uk via repo, 2026-09-20"
2026-09-20T09:58:13+00:00,2026-09-20,SP1,Ath Madrid v Real Madrid,1x2,H,0.338251,3.6,2.9564,21.77,0.26082,3.5,3.7012,2.857,-2.734,win,0.0,2.6,"cbets daily run, football-data.co.uk via repo, 2026-09-20"
2026-09-20T09:58:13+00:00,2026-09-20,F1,Marseille v Paris SG,over_under,UNDER,0.377166,3.2,2.6514,20.693,0.298246,3.2,3.3529,0.0,-4.561,loss,0.0,-1.0,"cbets daily run, football-data.co.uk via repo, 2026-09-20"
2026-09-20T09:58:13+00:00,2026-09-20,SC0,Celtic v Rangers,1x2,H,0.549696,2.15,1.8192,18.185,0.440383,2.15,2.2648,0.0,-5.07,loss,0.0,-1.0,"cbets daily run, football-data.co.uk via repo, 2026-09-20"
2026-09-20T09:58:13+00:00,2026-09-20,SP1,Valencia v Sociedad,1x2,H,0.437446,2.7,2.286,18.11,0.35375,3.0,3.1482,-10.0,-14.236,loss,0.0,-1.0,"cbets daily run, football-data.co.uk via repo, 2026-09-20"
2026-09-20T09:58:13+00:00,2026-09-20,E0,Man City v Sunderland,over_under,UNDER,0.489421,2.38,2.0432,16.482,0.397468,2.3,2.4198,3.478,-1.643,loss,0.0,-1.0,"cbets daily run, football-data.co.uk via repo, 2026-09-20"
2026-09-20T09:58:13+00:00,2026-09-20,I2,Modena v Empoli,over_under,UNDER,0.609816,1.9,1.6398,15.865,0.5,1.98,2.082,-4.04,-8.74,loss,0.0,-1.0,"cbets daily run, football-data.co.uk via repo, 2026-09-20"
2026-09-20T09:58:13+00:00,2026-09-20,SP2,Las Palmas v Burgos,over_under,UNDER,0.693458,1.67,1.442,15.807,0.562827,1.7,1.8095,-1.765,-7.711,loss,0.0,-1.0,"cbets daily run, football-data.co.uk via repo, 2026-09-20"
2026-09-20T09:58:13+00:00,2026-09-20,B1,Antwerp v St. Gilloise,over_under,UNDER,0.556776,2.05,1.7961,14.139,0.460526,2.4,2.5686,-14.583,-20.191,win,0.0,1.0499999999999998,"cbets daily run, football-data.co.uk via repo, 2026-09-20"
2026-09-20T09:58:13+00:00,2026-09-20,F1,Nice v Lille,over_under,UNDER,0.583814,1.93,1.7129,12.676,0.5,2.1,2.2139,-8.095,-12.822,loss,0.0,-1.0,"cbets daily run, football-data.co.uk via repo, 2026-09-20"
2026-09-20T09:58:13+00:00,2026-09-20,I1,Juventus v Atalanta,over_under,UNDER,0.587324,1.91,1.7026,12.179,0.5,2.03,2.1093,-5.911,-9.448,win,0.0,0.91,"cbets daily run, football-data.co.uk via repo, 2026-09-20"
2026-09-20T09:58:13+00:00,2026-09-20,G1,OFI Crete v Asteras Tripolis,over_under,OVER,0.496947,2.25,2.0123,11.813,0.418605,2.4,2.5686,-6.25,-12.405,win,0.0,1.25,"cbets daily run, football-data.co.uk via repo, 2026-09-20"
2026-09-20T09:58:13+00:00,2026-09-20,F1,Auxerre v Brest,1x2,H,0.385631,2.88,2.5932,11.062,0.333517,2.9,3.0464,-0.69,-5.463,win,0.0,1.88,"cbets daily run, football-data.co.uk via repo, 2026-09-20"
2026-09-20T09:58:13+00:00,2026-09-20,T1,Goztep v Rizespor,1x2,H,0.478615,2.3,2.0894,10.082,0.402347,2.4,2.5899,-4.167,-11.192,loss,0.0,-1.0,"cbets daily run, football-data.co.uk via repo, 2026-09-20"
2026-09-20T09:58:13+00:00,2026-09-20,T1,Fenerbahce v Eyupspor,1x2,D,0.169126,6.5,5.9128,9.932,0.124334,7.0,9.0786,-7.143,-28.403,loss,0.0,-1.0,"cbets daily run, football-data.co.uk via repo, 2026-09-20"
2026-09-20T09:58:13+00:00,2026-09-20,G1,Levadeiakos v Olympiakos,over_under,UNDER,0.572613,1.9,1.7464,8.797,0.5,1.85,1.9487,2.703,-2.5,win,0.0,0.8999999999999999,"cbets daily run, football-data.co.uk via repo, 2026-09-20"
2026-09-20T09:58:13+00:00,2026-09-20,I1,Fiorentina v Napoli,over_under,UNDER,0.549351,1.98,1.8203,8.772,0.487047,1.91,2.0,3.665,-1.0,win,0.0,0.98,"cbets daily run, football-data.co.uk via repo, 2026-09-20"
2026-09-20T09:58:13+00:00,2026-09-20,E0,Fulham v Man United,over_under,UNDER,0.456815,2.38,2.1891,8.722,0.397468,2.3,2.4198,3.478,-1.643,win,0.0,1.38,"cbets daily run, football-data.co.uk via repo, 2026-09-20"
2026-09-20T09:58:13+00:00,2026-09-20,G1,Panetolikos v PAOK,1x2,D,0.271619,4.0,3.6816,8.648,0.228768,4.5,4.9698,-11.111,-19.514,loss,0.0,-1.0,"cbets daily run, football-data.co.uk via repo, 2026-09-20"
2026-09-20T09:58:13+00:00,2026-09-20,P1,Santa Clara v Sp Braga,1x2,H,0.305707,3.5,3.2711,6.998,0.261564,3.5,3.8089,0.0,-8.109,loss,0.0,-1.0,"cbets daily run, football-data.co.uk via repo, 2026-09-20"
2026-09-20T09:58:13+00:00,2026-09-20,I1,Parma v Genoa,over_under,UNDER,0.697996,1.53,1.4327,6.793,0.620347,1.5,1.5703,2.0,-2.569,loss,0.0,-1.0,"cbets daily run, football-data.co.uk via repo, 2026-09-20"
2026-09-20T09:58:13+00:00,2026-09-20,E0,Leeds v Crystal Palace,1x2,D,0.273698,3.9,3.6537,6.742,0.242415,4.0,4.2979,-2.5,-9.258,win,0.0,2.9,"cbets daily run, football-data.co.uk via repo, 2026-09-20"
2026-09-20T09:58:13+00:00,2026-09-20,SP2,Ceuta v Valladolid,1x2,H,0.412073,2.57,2.4268,5.903,0.359896,3.2,3.4471,-19.688,-25.445,loss,0.0,-1.0,"cbets daily run, football-data.co.uk via repo, 2026-09-20"
2026-09-20T09:58:13+00:00,2026-09-20,D1,Leverkusen v RB Leipzig,over_under,UNDER,0.32992,3.2,3.031,5.574,0.298246,4.0,4.2,-20.0,-23.81,win,0.0,2.2,"cbets daily run, football-data.co.uk via repo, 2026-09-20"
2026-09-20T09:58:13+00:00,2026-09-20,P1,Porto v Benfica,over_under,UNDER,0.52705,1.98,1.8974,4.356,0.487047,1.98,2.0532,0.0,-3.565,loss,0.0,-1.0,"cbets daily run, football-data.co.uk via repo, 2026-09-20"
2026-09-20T09:58:13+00:00,2026-09-20,P1,Guimaraes v Moreirense,over_under,UNDER,0.554674,1.88,1.8029,4.279,0.512953,2.0,2.0811,-6.0,-9.662,win,0.0,0.8799999999999999,"cbets daily run, football-data.co.uk via repo, 2026-09-20"
2026-09-20T09:58:13+00:00,2026-09-20,N1,Twente v PSV Eindhoven,over_under,UNDER,0.289479,3.6,3.4545,4.212,0.263804,3.6,3.7907,0.0,-5.031,loss,0.0,-1.0,"cbets daily run, football-data.co.uk via repo, 2026-09-20"
2026-09-20T09:58:13+00:00,2026-09-20,SP1,Villarreal v Levante,over_under,OVER,0.693879,1.5,1.4412,4.082,0.636804,1.53,1.612,-1.961,-6.948,win,0.0,0.5,"cbets daily run, football-data.co.uk via repo, 2026-09-20"
2026-09-25T10:09:01+00:00,2026-09-26,SP2,Ceuta v Sociedad B,1x2,A,0.382103,3.2,2.6171,22.273,0.289364,2.5,2.6852,28.0,19.173,loss,0.0,-1.0,"cbets daily run, football-data.co.uk via repo, 2026-09-25"
2026-09-25T10:09:01+00:00,2026-09-27,SP2,Eibar v Las Palmas,over_under,UNDER,0.655508,1.83,1.5255,19.958,0.519685,2.0,2.1111,-8.5,-13.316,loss,0.0,-1.0,"cbets daily run, football-data.co.uk via repo, 2026-09-25"
2026-09-25T10:09:01+00:00,2026-09-27,SP2,Burgos v Eldense,over_under,UNDER,0.672486,1.67,1.487,12.305,0.562827,1.62,1.72,3.086,-2.907,win,0.0,0.6699999999999999,"cbets daily run, football-data.co.uk via repo, 2026-09-25"
2026-09-25T10:09:01+00:00,2026-09-26,E2,Cambridge v AFC Wimbledon,1x2,A,0.264947,4.2,3.7743,11.278,0.212614,4.5,5.1162,-6.667,-17.908,loss,0.0,-1.0,"cbets daily run, football-data.co.uk via repo, 2026-09-25"
2026-09-25T10:09:01+00:00,2026-09-26,SP2,Granada v Andorra,1x2,A,0.336375,3.25,2.9729,9.322,0.286162,3.6,3.927,-9.722,-17.239,win,0.0,2.25,"cbets daily run, football-data.co.uk via repo, 2026-09-25"
2026-09-25T10:09:01+00:00,2026-09-28,SP2,Leganes v Castellon,1x2,A,0.465911,2.32,2.1463,8.091,0.399965,2.1,2.2175,10.476,4.624,win,0.0,1.3199999999999998,"cbets daily run, football-data.co.uk via repo, 2026-09-25"
2026-09-25T10:09:01+00:00,2026-09-26,E2,Stockport v Peterboro,over_under,UNDER,0.369463,2.88,2.7066,6.405,0.327103,3.1,3.2794,-7.097,-12.179,win,0.0,1.88,"cbets daily run, football-data.co.uk via repo, 2026-09-25"
2026-09-25T10:09:01+00:00,2026-09-27,SP2,Valladolid v Cordoba,1x2,A,0.350954,3.0,2.8494,5.286,0.309228,2.7,2.9145,11.111,2.932,loss,0.0,-1.0,"cbets daily run, football-data.co.uk via repo, 2026-09-25"
2026-09-26T09:49:55+00:00,2026-09-26,SP2,Ceuta v Sociedad B,1x2,A,0.382083,3.2,2.6172,22.267,0.289364,2.5,2.6852,28.0,19.173,loss,0.0,-1.0,"cbets daily run, football-data.co.uk via repo, 2026-09-26"
2026-09-26T09:49:55+00:00,2026-09-27,SP2,Eibar v Las Palmas,over_under,UNDER,0.655471,1.83,1.5256,19.951,0.519685,2.0,2.1111,-8.5,-13.316,loss,0.0,-1.0,"cbets daily run, football-data.co.uk via repo, 2026-09-26"
2026-09-26T09:49:55+00:00,2026-09-27,SP2,Burgos v Eldense,over_under,UNDER,0.67246,1.67,1.4871,12.301,0.562827,1.62,1.72,3.086,-2.907,win,0.0,0.6699999999999999,"cbets daily run, football-data.co.uk via repo, 2026-09-26"
2026-09-26T09:49:55+00:00,2026-09-26,E2,Cambridge v AFC Wimbledon,1x2,A,0.264952,4.2,3.7743,11.28,0.212614,4.5,5.1162,-6.667,-17.908,loss,0.0,-1.0,"cbets daily run, football-data.co.uk via repo, 2026-09-26"
2026-09-26T09:49:55+00:00,2026-09-26,SP2,Granada v Andorra,1x2,A,0.336379,3.25,2.9728,9.323,0.286162,3.6,3.927,-9.722,-17.239,win,0.0,2.25,"cbets daily run, football-data.co.uk via repo, 2026-09-26"
2026-09-26T09:49:55+00:00,2026-09-28,SP2,Leganes v Castellon,1x2,A,0.465871,2.32,2.1465,8.082,0.399965,2.1,2.2175,10.476,4.624,win,0.0,1.3199999999999998,"cbets daily run, football-data.co.uk via repo, 2026-09-26"
2026-09-26T09:49:55+00:00,2026-09-26,E2,Stockport v Peterboro,over_under,UNDER,0.369485,2.88,2.7065,6.412,0.327103,3.1,3.2794,-7.097,-12.179,win,0.0,1.88,"cbets daily run, football-data.co.uk via repo, 2026-09-26"
2026-09-26T09:49:55+00:00,2026-09-27,SP2,Valladolid v Cordoba,1x2,A,0.35093,3.0,2.8496,5.279,0.309228,2.7,2.9145,11.111,2.932,loss,0.0,-1.0,"cbets daily run, football-data.co.uk via repo, 2026-09-26"
2026-09-27T10:31:08+00:00,2026-09-27,SP2,Eibar v Las Palmas,over_under,UNDER,0.655448,1.83,1.5257,19.947,0.519685,2.0,2.1111,-8.5,-13.316,loss,0.0,-1.0,"cbets daily run, football-data.co.uk via repo, 2026-09-27"
2026-09-27T10:31:08+00:00,2026-09-27,SP2,Burgos v Eldense,over_under,UNDER,0.672449,1.67,1.4871,12.299,0.562827,1.62,1.72,3.086,-2.907,win,0.0,0.6699999999999999,"cbets daily run, football-data.co.uk via repo, 2026-09-27"
2026-09-27T10:31:08+00:00,2026-09-28,SP2,Leganes v Castellon,1x2,A,0.46583,2.32,2.1467,8.073,0.399965,2.1,2.2175,10.476,4.624,win,0.0,1.3199999999999998,"cbets daily run, football-data.co.uk via repo, 2026-09-27"
2026-09-27T10:31:08+00:00,2026-09-27,SP2,Valladolid v Cordoba,1x2,A,0.350913,3.0,2.8497,5.274,0.309228,2.7,2.9145,11.111,2.932,loss,0.0,-1.0,"cbets daily run, football-data.co.uk via repo, 2026-09-27"
2026-09-28T11:38:44+00:00,2026-09-28,SP2,Leganes v Castellon,over_under,UNDER,0.549741,1.95,1.819,7.2,0.486842,1.95,2.0541,0.0,-5.066,win,0.0,0.95,"cbets daily run, football-data.co.uk via repo, 2026-09-28"
2026-10-02T11:02:14+00:00,2026-10-03,E2,Burton v Huddersfield,1x2,H,0.31579,3.9,3.1667,23.158,0.22737,,,,,pending,0.0,,"cbets daily run, football-data.co.uk via repo, 2026-10-02"
2026-10-02T11:02:14+00:00,2026-10-04,SP2,Castellon v Ceuta,1x2,A,0.120577,10.0,8.2935,20.577,0.077112,,,,,pending,0.0,,"cbets daily run, football-data.co.uk via repo, 2026-10-02"
2026-10-02T11:02:14+00:00,2026-10-03,SP2,Albacete v Eibar,over_under,UNDER,0.629429,1.88,1.5887,18.333,0.506562,,,,,pending,0.0,,"cbets daily run, football-data.co.uk via repo, 2026-10-02"
2026-10-02T11:02:14+00:00,2026-10-04,SP2,Las Palmas v Valladolid,1x2,H,0.518863,2.15,1.9273,11.556,0.438728,,,,,pending,0.0,,"cbets daily run, football-data.co.uk via repo, 2026-10-02"
2026-10-02T11:02:14+00:00,2026-10-03,E2,Leyton Orient v Plymouth,1x2,H,0.32568,3.4,3.0705,10.731,0.267354,,,,,pending,0.0,,"cbets daily run, football-data.co.uk via repo, 2026-10-02"
2026-10-02T11:02:14+00:00,2026-10-03,E2,Reading v Bradford,over_under,UNDER,0.597514,1.85,1.6736,10.54,0.519481,,,,,pending,0.0,,"cbets daily run, football-data.co.uk via repo, 2026-10-02"
2026-10-02T11:02:14+00:00,2026-10-05,SP2,Cordoba v Tenerife,1x2,A,0.268859,4.0,3.7194,7.543,0.224968,,,,,pending,0.0,,"cbets daily run, football-data.co.uk via repo, 2026-10-02"
2026-10-02T11:02:14+00:00,2026-10-03,SP2,Cadiz v Leganes,1x2,H,0.381395,2.75,2.622,4.884,0.33816,,,,,pending,0.0,,"cbets daily run, football-data.co.uk via repo, 2026-10-02"
2026-10-02T11:02:14+00:00,2026-10-03,SP2,Almeria v Burgos,over_under,UNDER,0.56415,1.85,1.7726,4.368,0.513158,,,,,pending,0.0,,"cbets daily run, football-data.co.uk via repo, 2026-10-02"
2026-10-03T10:21:43+00:00,2026-10-03,E2,Burton v Huddersfield,1x2,H,0.315801,3.9,3.1666,23.162,0.22737,,,,,pending,0.0,,"cbets daily run, football-data.co.uk via repo, 2026-10-03"
2026-10-03T10:21:43+00:00,2026-10-04,SP2,Castellon v Ceuta,1x2,A,0.120606,10.0,8.2915,20.606,0.077112,,,,,pending,0.0,,"cbets daily run, football-data.co.uk via repo, 2026-10-03"
2026-10-03T10:21:43+00:00,2026-10-03,SP2,Albacete v Eibar,over_under,UNDER,0.629407,1.88,1.5888,18.328,0.506562,,,,,pending,0.0,,"cbets daily run, football-data.co.uk via repo, 2026-10-03"
2026-10-03T10:21:43+00:00,2026-10-04,SP2,Las Palmas v Valladolid,1x2,H,0.518845,2.15,1.9274,11.552,0.438728,,,,,pending,0.0,,"cbets daily run, football-data.co.uk via repo, 2026-10-03"
2026-10-03T10:21:43+00:00,2026-10-03,E2,Leyton Orient v Plymouth,1x2,H,0.325702,3.4,3.0703,10.739,0.267354,,,,,pending,0.0,,"cbets daily run, football-data.co.uk via repo, 2026-10-03"
2026-10-03T10:21:43+00:00,2026-10-03,E2,Reading v Bradford,over_under,UNDER,0.597485,1.85,1.6737,10.535,0.519481,,,,,pending,0.0,,"cbets daily run, football-data.co.uk via repo, 2026-10-03"
2026-10-03T10:21:43+00:00,2026-10-05,SP2,Cordoba v Tenerife,1x2,A,0.268897,4.0,3.7189,7.559,0.224968,,,,,pending,0.0,,"cbets daily run, football-data.co.uk via repo, 2026-10-03"
2026-10-03T10:21:43+00:00,2026-10-03,SP2,Cadiz v Leganes,1x2,H,0.381409,2.75,2.6219,4.887,0.33816,,,,,pending,0.0,,"cbets daily run, football-data.co.uk via repo, 2026-10-03"
2026-10-03T10:21:43+00:00,2026-10-03,SP2,Almeria v Burgos,over_under,UNDER,0.564131,1.85,1.7726,4.364,0.513158,,,,,pending,0.0,,"cbets daily run, football-data.co.uk via repo, 2026-10-03"
