date,kickoff,div,country,league,league_label,fixture,home,away,confidence,xg_home,xg_away,group,market,selection,prob,fair_odds,validation,price,edge_pct,exp_shots,exp_sot,exp_corners,exp_fouls
2026-09-27,20:00,SP2,Spain,La Liga 2,Spain · La Liga 2,Oviedo v Sp Gijon,Oviedo,Sp Gijon,10.7,1.23,0.88,goals,1X2,Home,0.4446,2.25,no better than league average,2.01,-10.63,,,,
2026-09-27,20:00,SP2,Spain,La Liga 2,Spain · La Liga 2,Oviedo v Sp Gijon,Oviedo,Sp Gijon,10.7,1.23,0.88,goals,1X2,Draw,0.2912,3.43,no better than league average,3.2,-6.81,,,,
2026-09-27,20:00,SP2,Spain,La Liga 2,Spain · La Liga 2,Oviedo v Sp Gijon,Oviedo,Sp Gijon,10.7,1.23,0.88,goals,1X2,Away,0.2642,3.79,no better than league average,3.9,3.02,,,,
2026-09-27,20:00,SP2,Spain,La Liga 2,Spain · La Liga 2,Oviedo v Sp Gijon,Oviedo,Sp Gijon,10.7,1.23,0.88,goals,Double chance,Home or Draw,0.7358,1.36,no better than league average,,,,,,
2026-09-27,20:00,SP2,Spain,La Liga 2,Spain · La Liga 2,Oviedo v Sp Gijon,Oviedo,Sp Gijon,10.7,1.23,0.88,goals,Double chance,Home or Away,0.7088,1.41,no better than league average,,,,,,
2026-09-27,20:00,SP2,Spain,La Liga 2,Spain · La Liga 2,Oviedo v Sp Gijon,Oviedo,Sp Gijon,10.7,1.23,0.88,goals,Double chance,Draw or Away,0.5554,1.8,no better than league average,,,,,,
2026-09-27,20:00,SP2,Spain,La Liga 2,Spain · La Liga 2,Oviedo v Sp Gijon,Oviedo,Sp Gijon,10.7,1.23,0.88,goals,Total goals,Over 0.5,0.8796,1.14,no better than league average,,,,,,
2026-09-27,20:00,SP2,Spain,La Liga 2,Spain · La Liga 2,Oviedo v Sp Gijon,Oviedo,Sp Gijon,10.7,1.23,0.88,goals,Total goals,Under 0.5,0.1204,8.3,no better than league average,,,,,,
2026-09-27,20:00,SP2,Spain,La Liga 2,Spain · La Liga 2,Oviedo v Sp Gijon,Oviedo,Sp Gijon,10.7,1.23,0.88,goals,Total goals,Over 1.5,0.6232,1.6,no better than league average,,,,,,
2026-09-27,20:00,SP2,Spain,La Liga 2,Spain · La Liga 2,Oviedo v Sp Gijon,Oviedo,Sp Gijon,10.7,1.23,0.88,goals,Total goals,Under 1.5,0.3768,2.65,no better than league average,,,,,,
2026-09-27,20:00,SP2,Spain,La Liga 2,Spain · La Liga 2,Oviedo v Sp Gijon,Oviedo,Sp Gijon,10.7,1.23,0.88,goals,Total goals,Over 2.5,0.3538,2.83,no better than league average,2.35,-16.85,,,,
2026-09-27,20:00,SP2,Spain,La Liga 2,Spain · La Liga 2,Oviedo v Sp Gijon,Oviedo,Sp Gijon,10.7,1.23,0.88,goals,Total goals,Under 2.5,0.6462,1.55,no better than league average,1.57,1.45,,,,
2026-09-27,20:00,SP2,Spain,La Liga 2,Spain · La Liga 2,Oviedo v Sp Gijon,Oviedo,Sp Gijon,10.7,1.23,0.88,goals,Total goals,Over 3.5,0.1638,6.11,no better than league average,,,,,,
2026-09-27,20:00,SP2,Spain,La Liga 2,Spain · La Liga 2,Oviedo v Sp Gijon,Oviedo,Sp Gijon,10.7,1.23,0.88,goals,Total goals,Under 3.5,0.8362,1.2,no better than league average,,,,,,
2026-09-27,20:00,SP2,Spain,La Liga 2,Spain · La Liga 2,Oviedo v Sp Gijon,Oviedo,Sp Gijon,10.7,1.23,0.88,goals,Total goals,Over 4.5,0.0634,15.77,no better than league average,,,,,,
2026-09-27,20:00,SP2,Spain,La Liga 2,Spain · La Liga 2,Oviedo v Sp Gijon,Oviedo,Sp Gijon,10.7,1.23,0.88,goals,Total goals,Under 4.5,0.9366,1.07,no better than league average,,,,,,
2026-09-27,20:00,SP2,Spain,La Liga 2,Spain · La Liga 2,Oviedo v Sp Gijon,Oviedo,Sp Gijon,10.7,1.23,0.88,goals,Both teams to score,Yes,0.4141,2.42,no better than league average,,,,,,
2026-09-27,20:00,SP2,Spain,La Liga 2,Spain · La Liga 2,Oviedo v Sp Gijon,Oviedo,Sp Gijon,10.7,1.23,0.88,goals,Both teams to score,No,0.5859,1.71,no better than league average,,,,,,
2026-09-27,20:00,SP2,Spain,La Liga 2,Spain · La Liga 2,Oviedo v Sp Gijon,Oviedo,Sp Gijon,10.7,1.23,0.88,goals,Home team goals,Over 0.5,0.7088,1.41,no better than league average,,,,,,
2026-09-27,20:00,SP2,Spain,La Liga 2,Spain · La Liga 2,Oviedo v Sp Gijon,Oviedo,Sp Gijon,10.7,1.23,0.88,goals,Home team goals,Over 1.5,0.3495,2.86,no better than league average,,,,,,
2026-09-27,20:00,SP2,Spain,La Liga 2,Spain · La Liga 2,Oviedo v Sp Gijon,Oviedo,Sp Gijon,10.7,1.23,0.88,goals,Home team goals,Over 2.5,0.1279,7.82,no better than league average,,,,,,
2026-09-27,20:00,SP2,Spain,La Liga 2,Spain · La Liga 2,Oviedo v Sp Gijon,Oviedo,Sp Gijon,10.7,1.23,0.88,goals,Away team goals,Over 0.5,0.5848,1.71,no better than league average,,,,,,
2026-09-27,20:00,SP2,Spain,La Liga 2,Spain · La Liga 2,Oviedo v Sp Gijon,Oviedo,Sp Gijon,10.7,1.23,0.88,goals,Away team goals,Over 1.5,0.2199,4.55,no better than league average,,,,,,
2026-09-27,20:00,SP2,Spain,La Liga 2,Spain · La Liga 2,Oviedo v Sp Gijon,Oviedo,Sp Gijon,10.7,1.23,0.88,goals,Away team goals,Over 2.5,0.0595,16.82,no better than league average,,,,,,
2026-09-27,20:00,SP2,Spain,La Liga 2,Spain · La Liga 2,Oviedo v Sp Gijon,Oviedo,Sp Gijon,10.7,1.23,0.88,goals,Asian handicap,Home -0.5,0.4446,2.25,no better than league average,2.03,-9.74,,,,
2026-09-27,20:00,SP2,Spain,La Liga 2,Spain · La Liga 2,Oviedo v Sp Gijon,Oviedo,Sp Gijon,10.7,1.23,0.88,goals,Asian handicap,Away +0.5,0.5554,1.8,no better than league average,1.78,-1.15,,,,
2026-09-27,20:00,SP2,Spain,La Liga 2,Spain · La Liga 2,Oviedo v Sp Gijon,Oviedo,Sp Gijon,10.7,1.23,0.88,ht_goals,Half-time result,Home,0.2386,4.19,no better than league average,,,,,,
2026-09-27,20:00,SP2,Spain,La Liga 2,Spain · La Liga 2,Oviedo v Sp Gijon,Oviedo,Sp Gijon,10.7,1.23,0.88,ht_goals,Half-time result,Draw,0.4892,2.04,no better than league average,,,,,,
2026-09-27,20:00,SP2,Spain,La Liga 2,Spain · La Liga 2,Oviedo v Sp Gijon,Oviedo,Sp Gijon,10.7,1.23,0.88,ht_goals,Half-time result,Away,0.2723,3.67,no better than league average,,,,,,
2026-09-27,20:00,SP2,Spain,La Liga 2,Spain · La Liga 2,Oviedo v Sp Gijon,Oviedo,Sp Gijon,10.7,1.23,0.88,ht_goals,Half-time goals,Over 0.5,0.5986,1.67,no better than league average,,,,,,
2026-09-27,20:00,SP2,Spain,La Liga 2,Spain · La Liga 2,Oviedo v Sp Gijon,Oviedo,Sp Gijon,10.7,1.23,0.88,ht_goals,Half-time goals,Over 1.5,0.2322,4.31,no better than league average,,,,,,
2026-09-27,20:00,SP2,Spain,La Liga 2,Spain · La Liga 2,Oviedo v Sp Gijon,Oviedo,Sp Gijon,10.7,1.23,0.88,ht_goals,Half-time goals,Over 2.5,0.065,15.39,no better than league average,,,,,,
2026-09-27,20:00,SP2,Spain,La Liga 2,Spain · La Liga 2,Oviedo v Sp Gijon,Oviedo,Sp Gijon,10.7,1.23,0.88,shots,Total shots,Over 22.5,0.5779,1.73,marginal,,,,,,
2026-09-27,20:00,SP2,Spain,La Liga 2,Spain · La Liga 2,Oviedo v Sp Gijon,Oviedo,Sp Gijon,10.7,1.23,0.88,shots,Total shots,Under 22.5,0.4221,2.37,marginal,,,,,,
2026-09-27,20:00,SP2,Spain,La Liga 2,Spain · La Liga 2,Oviedo v Sp Gijon,Oviedo,Sp Gijon,10.7,1.23,0.88,shots,Total shots,Over 24.5,0.4527,2.21,marginal,,,,,,
2026-09-27,20:00,SP2,Spain,La Liga 2,Spain · La Liga 2,Oviedo v Sp Gijon,Oviedo,Sp Gijon,10.7,1.23,0.88,shots,Total shots,Under 24.5,0.5473,1.83,marginal,,,,,,
2026-09-27,20:00,SP2,Spain,La Liga 2,Spain · La Liga 2,Oviedo v Sp Gijon,Oviedo,Sp Gijon,10.7,1.23,0.88,shots,Total shots,Over 26.5,0.3364,2.97,marginal,,,,,,
2026-09-27,20:00,SP2,Spain,La Liga 2,Spain · La Liga 2,Oviedo v Sp Gijon,Oviedo,Sp Gijon,10.7,1.23,0.88,shots,Total shots,Under 26.5,0.6636,1.51,marginal,,,,,,
2026-09-27,20:00,SP2,Spain,La Liga 2,Spain · La Liga 2,Oviedo v Sp Gijon,Oviedo,Sp Gijon,10.7,1.23,0.88,shots,Home shots,Over 13.5,0.5904,1.69,marginal,,,,,,
2026-09-27,20:00,SP2,Spain,La Liga 2,Spain · La Liga 2,Oviedo v Sp Gijon,Oviedo,Sp Gijon,10.7,1.23,0.88,shots,Home shots,Over 15.5,0.4315,2.32,marginal,,,,,,
2026-09-27,20:00,SP2,Spain,La Liga 2,Spain · La Liga 2,Oviedo v Sp Gijon,Oviedo,Sp Gijon,10.7,1.23,0.88,shots,Away shots,Over 7.5,0.6268,1.6,marginal,,,,,,
2026-09-27,20:00,SP2,Spain,La Liga 2,Spain · La Liga 2,Oviedo v Sp Gijon,Oviedo,Sp Gijon,10.7,1.23,0.88,shots,Away shots,Over 9.5,0.4209,2.38,marginal,,,,,,
2026-09-27,20:00,SP2,Spain,La Liga 2,Spain · La Liga 2,Oviedo v Sp Gijon,Oviedo,Sp Gijon,10.7,1.23,0.88,sot,Total shots on target,Over 6.5,0.5743,1.74,beats league average,,,24.1,,,
2026-09-27,20:00,SP2,Spain,La Liga 2,Spain · La Liga 2,Oviedo v Sp Gijon,Oviedo,Sp Gijon,10.7,1.23,0.88,sot,Total shots on target,Under 6.5,0.4257,2.35,beats league average,,,24.1,,,
2026-09-27,20:00,SP2,Spain,La Liga 2,Spain · La Liga 2,Oviedo v Sp Gijon,Oviedo,Sp Gijon,10.7,1.23,0.88,sot,Total shots on target,Over 7.5,0.4373,2.29,beats league average,,,24.1,,,
2026-09-27,20:00,SP2,Spain,La Liga 2,Spain · La Liga 2,Oviedo v Sp Gijon,Oviedo,Sp Gijon,10.7,1.23,0.88,sot,Total shots on target,Under 7.5,0.5627,1.78,beats league average,,,24.1,,,
2026-09-27,20:00,SP2,Spain,La Liga 2,Spain · La Liga 2,Oviedo v Sp Gijon,Oviedo,Sp Gijon,10.7,1.23,0.88,sot,Total shots on target,Over 8.5,0.3136,3.19,beats league average,,,24.1,,,
2026-09-27,20:00,SP2,Spain,La Liga 2,Spain · La Liga 2,Oviedo v Sp Gijon,Oviedo,Sp Gijon,10.7,1.23,0.88,sot,Total shots on target,Under 8.5,0.6864,1.46,beats league average,,,24.1,,,
2026-09-27,20:00,SP2,Spain,La Liga 2,Spain · La Liga 2,Oviedo v Sp Gijon,Oviedo,Sp Gijon,10.7,1.23,0.88,sot,Home shots on target,Over 3.5,0.5883,1.7,beats league average,,,24.1,,,
2026-09-27,20:00,SP2,Spain,La Liga 2,Spain · La Liga 2,Oviedo v Sp Gijon,Oviedo,Sp Gijon,10.7,1.23,0.88,sot,Home shots on target,Over 4.5,0.4085,2.45,beats league average,,,24.1,,,
2026-09-27,20:00,SP2,Spain,La Liga 2,Spain · La Liga 2,Oviedo v Sp Gijon,Oviedo,Sp Gijon,10.7,1.23,0.88,sot,Away shots on target,Over 2.5,0.57,1.75,beats league average,,,24.1,,,
2026-09-27,20:00,SP2,Spain,La Liga 2,Spain · La Liga 2,Oviedo v Sp Gijon,Oviedo,Sp Gijon,10.7,1.23,0.88,sot,Away shots on target,Over 3.5,0.3636,2.75,beats league average,,,24.1,,,
2026-09-27,20:00,SP2,Spain,La Liga 2,Spain · La Liga 2,Oviedo v Sp Gijon,Oviedo,Sp Gijon,10.7,1.23,0.88,corners,Total corners,Over 8.5,0.5937,1.68,no better than league average,,,24.1,7.3,,
2026-09-27,20:00,SP2,Spain,La Liga 2,Spain · La Liga 2,Oviedo v Sp Gijon,Oviedo,Sp Gijon,10.7,1.23,0.88,corners,Total corners,Under 8.5,0.4063,2.46,no better than league average,,,24.1,7.3,,
2026-09-27,20:00,SP2,Spain,La Liga 2,Spain · La Liga 2,Oviedo v Sp Gijon,Oviedo,Sp Gijon,10.7,1.23,0.88,corners,Total corners,Over 9.5,0.4838,2.07,no better than league average,,,24.1,7.3,,
2026-09-27,20:00,SP2,Spain,La Liga 2,Spain · La Liga 2,Oviedo v Sp Gijon,Oviedo,Sp Gijon,10.7,1.23,0.88,corners,Total corners,Under 9.5,0.5162,1.94,no better than league average,,,24.1,7.3,,
2026-09-27,20:00,SP2,Spain,La Liga 2,Spain · La Liga 2,Oviedo v Sp Gijon,Oviedo,Sp Gijon,10.7,1.23,0.88,corners,Total corners,Over 10.5,0.3798,2.63,no better than league average,,,24.1,7.3,,
2026-09-27,20:00,SP2,Spain,La Liga 2,Spain · La Liga 2,Oviedo v Sp Gijon,Oviedo,Sp Gijon,10.7,1.23,0.88,corners,Total corners,Under 10.5,0.6202,1.61,no better than league average,,,24.1,7.3,,
2026-09-27,20:00,SP2,Spain,La Liga 2,Spain · La Liga 2,Oviedo v Sp Gijon,Oviedo,Sp Gijon,10.7,1.23,0.88,corners,Home corners,Over 5.5,0.5381,1.86,no better than league average,,,24.1,7.3,,
2026-09-27,20:00,SP2,Spain,La Liga 2,Spain · La Liga 2,Oviedo v Sp Gijon,Oviedo,Sp Gijon,10.7,1.23,0.88,corners,Home corners,Over 6.5,0.4032,2.48,no better than league average,,,24.1,7.3,,
2026-09-27,20:00,SP2,Spain,La Liga 2,Spain · La Liga 2,Oviedo v Sp Gijon,Oviedo,Sp Gijon,10.7,1.23,0.88,corners,Away corners,Over 2.5,0.6436,1.55,no better than league average,,,24.1,7.3,,
2026-09-27,20:00,SP2,Spain,La Liga 2,Spain · La Liga 2,Oviedo v Sp Gijon,Oviedo,Sp Gijon,10.7,1.23,0.88,corners,Away corners,Over 3.5,0.4579,2.18,no better than league average,,,24.1,7.3,,
2026-09-27,20:00,SP2,Spain,La Liga 2,Spain · La Liga 2,Oviedo v Sp Gijon,Oviedo,Sp Gijon,10.7,1.23,0.88,fouls,Total fouls,Over 21.5,0.613,1.63,beats league average,,,24.1,7.3,9.7,
2026-09-27,20:00,SP2,Spain,La Liga 2,Spain · La Liga 2,Oviedo v Sp Gijon,Oviedo,Sp Gijon,10.7,1.23,0.88,fouls,Total fouls,Under 21.5,0.387,2.58,beats league average,,,24.1,7.3,9.7,
2026-09-27,20:00,SP2,Spain,La Liga 2,Spain · La Liga 2,Oviedo v Sp Gijon,Oviedo,Sp Gijon,10.7,1.23,0.88,fouls,Total fouls,Over 23.5,0.4751,2.11,beats league average,,,24.1,7.3,9.7,
2026-09-27,20:00,SP2,Spain,La Liga 2,Spain · La Liga 2,Oviedo v Sp Gijon,Oviedo,Sp Gijon,10.7,1.23,0.88,fouls,Total fouls,Under 23.5,0.5249,1.9,beats league average,,,24.1,7.3,9.7,
2026-09-27,20:00,SP2,Spain,La Liga 2,Spain · La Liga 2,Oviedo v Sp Gijon,Oviedo,Sp Gijon,10.7,1.23,0.88,fouls,Total fouls,Over 25.5,0.3448,2.9,beats league average,,,24.1,7.3,9.7,
2026-09-27,20:00,SP2,Spain,La Liga 2,Spain · La Liga 2,Oviedo v Sp Gijon,Oviedo,Sp Gijon,10.7,1.23,0.88,fouls,Total fouls,Under 25.5,0.6552,1.53,beats league average,,,24.1,7.3,9.7,
2026-09-27,20:00,SP2,Spain,La Liga 2,Spain · La Liga 2,Oviedo v Sp Gijon,Oviedo,Sp Gijon,10.7,1.23,0.88,fouls,Home fouls,Over 9.5,0.6484,1.54,beats league average,,,24.1,7.3,9.7,
2026-09-27,20:00,SP2,Spain,La Liga 2,Spain · La Liga 2,Oviedo v Sp Gijon,Oviedo,Sp Gijon,10.7,1.23,0.88,fouls,Home fouls,Over 11.5,0.4486,2.23,beats league average,,,24.1,7.3,9.7,
2026-09-27,20:00,SP2,Spain,La Liga 2,Spain · La Liga 2,Oviedo v Sp Gijon,Oviedo,Sp Gijon,10.7,1.23,0.88,fouls,Away fouls,Over 10.5,0.6298,1.59,beats league average,,,24.1,7.3,9.7,
2026-09-27,20:00,SP2,Spain,La Liga 2,Spain · La Liga 2,Oviedo v Sp Gijon,Oviedo,Sp Gijon,10.7,1.23,0.88,fouls,Away fouls,Over 12.5,0.4378,2.28,beats league average,,,24.1,7.3,9.7,
2026-09-27,20:00,SP2,Spain,La Liga 2,Spain · La Liga 2,Oviedo v Sp Gijon,Oviedo,Sp Gijon,10.7,1.23,0.88,yellows,Total yellow cards,Over 3.5,0.6556,1.53,no better than league average,,,24.1,7.3,9.7,23.5
2026-09-27,20:00,SP2,Spain,La Liga 2,Spain · La Liga 2,Oviedo v Sp Gijon,Oviedo,Sp Gijon,10.7,1.23,0.88,yellows,Total yellow cards,Under 3.5,0.3444,2.9,no better than league average,,,24.1,7.3,9.7,23.5
2026-09-27,20:00,SP2,Spain,La Liga 2,Spain · La Liga 2,Oviedo v Sp Gijon,Oviedo,Sp Gijon,10.7,1.23,0.88,yellows,Total yellow cards,Over 4.5,0.4656,2.15,no better than league average,,,24.1,7.3,9.7,23.5
2026-09-27,20:00,SP2,Spain,La Liga 2,Spain · La Liga 2,Oviedo v Sp Gijon,Oviedo,Sp Gijon,10.7,1.23,0.88,yellows,Total yellow cards,Under 4.5,0.5344,1.87,no better than league average,,,24.1,7.3,9.7,23.5
2026-09-27,20:00,SP2,Spain,La Liga 2,Spain · La Liga 2,Oviedo v Sp Gijon,Oviedo,Sp Gijon,10.7,1.23,0.88,yellows,Total yellow cards,Over 5.5,0.295,3.39,no better than league average,,,24.1,7.3,9.7,23.5
2026-09-27,20:00,SP2,Spain,La Liga 2,Spain · La Liga 2,Oviedo v Sp Gijon,Oviedo,Sp Gijon,10.7,1.23,0.88,yellows,Total yellow cards,Under 5.5,0.705,1.42,no better than league average,,,24.1,7.3,9.7,23.5
2026-09-27,20:00,SP2,Spain,La Liga 2,Spain · La Liga 2,Oviedo v Sp Gijon,Oviedo,Sp Gijon,10.7,1.23,0.88,yellows,Home yellow cards,Over 1.5,0.6646,1.5,no better than league average,,,24.1,7.3,9.7,23.5
2026-09-27,20:00,SP2,Spain,La Liga 2,Spain · La Liga 2,Oviedo v Sp Gijon,Oviedo,Sp Gijon,10.7,1.23,0.88,yellows,Home yellow cards,Over 2.5,0.3988,2.51,no better than league average,,,24.1,7.3,9.7,23.5
2026-09-27,20:00,SP2,Spain,La Liga 2,Spain · La Liga 2,Oviedo v Sp Gijon,Oviedo,Sp Gijon,10.7,1.23,0.88,yellows,Away yellow cards,Over 1.5,0.6472,1.55,no better than league average,,,24.1,7.3,9.7,23.5
2026-09-27,20:00,SP2,Spain,La Liga 2,Spain · La Liga 2,Oviedo v Sp Gijon,Oviedo,Sp Gijon,10.7,1.23,0.88,yellows,Away yellow cards,Over 2.5,0.3792,2.64,no better than league average,,,24.1,7.3,9.7,23.5
2026-09-27,13:00,SP2,Spain,La Liga 2,Spain · La Liga 2,Valladolid v Cordoba,Valladolid,Cordoba,22.7,1.35,1.27,goals,1X2,Home,0.3874,2.58,no better than league average,2.2,-14.76,,,,
2026-09-27,13:00,SP2,Spain,La Liga 2,Spain · La Liga 2,Valladolid v Cordoba,Valladolid,Cordoba,22.7,1.35,1.27,goals,1X2,Draw,0.2616,3.82,no better than league average,3.5,-8.43,,,,
2026-09-27,13:00,SP2,Spain,La Liga 2,Spain · La Liga 2,Valladolid v Cordoba,Valladolid,Cordoba,22.7,1.35,1.27,goals,1X2,Away,0.3509,2.85,no better than league average,3.0,5.27,,,,
2026-09-27,13:00,SP2,Spain,La Liga 2,Spain · La Liga 2,Valladolid v Cordoba,Valladolid,Cordoba,22.7,1.35,1.27,goals,Double chance,Home or Draw,0.6491,1.54,no better than league average,,,,,,
2026-09-27,13:00,SP2,Spain,La Liga 2,Spain · La Liga 2,Valladolid v Cordoba,Valladolid,Cordoba,22.7,1.35,1.27,goals,Double chance,Home or Away,0.7384,1.35,no better than league average,,,,,,
2026-09-27,13:00,SP2,Spain,La Liga 2,Spain · La Liga 2,Valladolid v Cordoba,Valladolid,Cordoba,22.7,1.35,1.27,goals,Double chance,Draw or Away,0.6126,1.63,no better than league average,,,,,,
2026-09-27,13:00,SP2,Spain,La Liga 2,Spain · La Liga 2,Valladolid v Cordoba,Valladolid,Cordoba,22.7,1.35,1.27,goals,Total goals,Over 0.5,0.9276,1.08,no better than league average,,,,,,
2026-09-27,13:00,SP2,Spain,La Liga 2,Spain · La Liga 2,Valladolid v Cordoba,Valladolid,Cordoba,22.7,1.35,1.27,goals,Total goals,Under 0.5,0.0724,13.81,no better than league average,,,,,,
2026-09-27,13:00,SP2,Spain,La Liga 2,Spain · La Liga 2,Valladolid v Cordoba,Valladolid,Cordoba,22.7,1.35,1.27,goals,Total goals,Over 1.5,0.7359,1.36,no better than league average,,,,,,
2026-09-27,13:00,SP2,Spain,La Liga 2,Spain · La Liga 2,Valladolid v Cordoba,Valladolid,Cordoba,22.7,1.35,1.27,goals,Total goals,Under 1.5,0.2641,3.79,no better than league average,,,,,,
2026-09-27,13:00,SP2,Spain,La Liga 2,Spain · La Liga 2,Valladolid v Cordoba,Valladolid,Cordoba,22.7,1.35,1.27,goals,Total goals,Over 2.5,0.4864,2.06,no better than league average,1.85,-10.02,,,,
2026-09-27,13:00,SP2,Spain,La Liga 2,Spain · La Liga 2,Valladolid v Cordoba,Valladolid,Cordoba,22.7,1.35,1.27,goals,Total goals,Under 2.5,0.5136,1.95,no better than league average,1.95,0.15,,,,
2026-09-27,13:00,SP2,Spain,La Liga 2,Spain · La Liga 2,Valladolid v Cordoba,Valladolid,Cordoba,22.7,1.35,1.27,goals,Total goals,Over 3.5,0.2682,3.73,no better than league average,,,,,,
2026-09-27,13:00,SP2,Spain,La Liga 2,Spain · La Liga 2,Valladolid v Cordoba,Valladolid,Cordoba,22.7,1.35,1.27,goals,Total goals,Under 3.5,0.7318,1.37,no better than league average,,,,,,
2026-09-27,13:00,SP2,Spain,La Liga 2,Spain · La Liga 2,Valladolid v Cordoba,Valladolid,Cordoba,22.7,1.35,1.27,goals,Total goals,Over 4.5,0.1253,7.98,no better than league average,,,,,,
2026-09-27,13:00,SP2,Spain,La Liga 2,Spain · La Liga 2,Valladolid v Cordoba,Valladolid,Cordoba,22.7,1.35,1.27,goals,Total goals,Under 4.5,0.8747,1.14,no better than league average,,,,,,
2026-09-27,13:00,SP2,Spain,La Liga 2,Spain · La Liga 2,Valladolid v Cordoba,Valladolid,Cordoba,22.7,1.35,1.27,goals,Both teams to score,Yes,0.5322,1.88,no better than league average,,,,,,
2026-09-27,13:00,SP2,Spain,La Liga 2,Spain · La Liga 2,Valladolid v Cordoba,Valladolid,Cordoba,22.7,1.35,1.27,goals,Both teams to score,No,0.4678,2.14,no better than league average,,,,,,
2026-09-27,13:00,SP2,Spain,La Liga 2,Spain · La Liga 2,Valladolid v Cordoba,Valladolid,Cordoba,22.7,1.35,1.27,goals,Home team goals,Over 0.5,0.7404,1.35,no better than league average,,,,,,
2026-09-27,13:00,SP2,Spain,La Liga 2,Spain · La Liga 2,Valladolid v Cordoba,Valladolid,Cordoba,22.7,1.35,1.27,goals,Home team goals,Over 1.5,0.3903,2.56,no better than league average,,,,,,
2026-09-27,13:00,SP2,Spain,La Liga 2,Spain · La Liga 2,Valladolid v Cordoba,Valladolid,Cordoba,22.7,1.35,1.27,goals,Home team goals,Over 2.5,0.1543,6.48,no better than league average,,,,,,
2026-09-27,13:00,SP2,Spain,La Liga 2,Spain · La Liga 2,Valladolid v Cordoba,Valladolid,Cordoba,22.7,1.35,1.27,goals,Away team goals,Over 0.5,0.7193,1.39,no better than league average,,,,,,
2026-09-27,13:00,SP2,Spain,La Liga 2,Spain · La Liga 2,Valladolid v Cordoba,Valladolid,Cordoba,22.7,1.35,1.27,goals,Away team goals,Over 1.5,0.3627,2.76,no better than league average,,,,,,
2026-09-27,13:00,SP2,Spain,La Liga 2,Spain · La Liga 2,Valladolid v Cordoba,Valladolid,Cordoba,22.7,1.35,1.27,goals,Away team goals,Over 2.5,0.1362,7.34,no better than league average,,,,,,
2026-09-27,13:00,SP2,Spain,La Liga 2,Spain · La Liga 2,Valladolid v Cordoba,Valladolid,Cordoba,22.7,1.35,1.27,goals,Asian handicap,Home -0.25,0.4458,2.24,no better than league average,1.95,-13.08,,,,
2026-09-27,13:00,SP2,Spain,La Liga 2,Spain · La Liga 2,Valladolid v Cordoba,Valladolid,Cordoba,22.7,1.35,1.27,goals,Asian handicap,Away +0.25,0.5542,1.8,no better than league average,1.85,2.53,,,,
2026-09-27,13:00,SP2,Spain,La Liga 2,Spain · La Liga 2,Valladolid v Cordoba,Valladolid,Cordoba,22.7,1.35,1.27,ht_goals,Half-time result,Home,0.3403,2.94,no better than league average,,,,,,
2026-09-27,13:00,SP2,Spain,La Liga 2,Spain · La Liga 2,Valladolid v Cordoba,Valladolid,Cordoba,22.7,1.35,1.27,ht_goals,Half-time result,Draw,0.4206,2.38,no better than league average,,,,,,
2026-09-27,13:00,SP2,Spain,La Liga 2,Spain · La Liga 2,Valladolid v Cordoba,Valladolid,Cordoba,22.7,1.35,1.27,ht_goals,Half-time result,Away,0.2391,4.18,no better than league average,,,,,,
2026-09-27,13:00,SP2,Spain,La Liga 2,Spain · La Liga 2,Valladolid v Cordoba,Valladolid,Cordoba,22.7,1.35,1.27,ht_goals,Half-time goals,Over 0.5,0.6943,1.44,no better than league average,,,,,,
2026-09-27,13:00,SP2,Spain,La Liga 2,Spain · La Liga 2,Valladolid v Cordoba,Valladolid,Cordoba,22.7,1.35,1.27,ht_goals,Half-time goals,Over 1.5,0.3319,3.01,no better than league average,,,,,,
2026-09-27,13:00,SP2,Spain,La Liga 2,Spain · La Liga 2,Valladolid v Cordoba,Valladolid,Cordoba,22.7,1.35,1.27,ht_goals,Half-time goals,Over 2.5,0.1173,8.53,no better than league average,,,,,,
2026-09-27,13:00,SP2,Spain,La Liga 2,Spain · La Liga 2,Valladolid v Cordoba,Valladolid,Cordoba,22.7,1.35,1.27,shots,Total shots,Over 22.5,0.6254,1.6,marginal,,,,,,
2026-09-27,13:00,SP2,Spain,La Liga 2,Spain · La Liga 2,Valladolid v Cordoba,Valladolid,Cordoba,22.7,1.35,1.27,shots,Total shots,Under 22.5,0.3746,2.67,marginal,,,,,,
2026-09-27,13:00,SP2,Spain,La Liga 2,Spain · La Liga 2,Valladolid v Cordoba,Valladolid,Cordoba,22.7,1.35,1.27,shots,Total shots,Over 24.5,0.5018,1.99,marginal,,,,,,
2026-09-27,13:00,SP2,Spain,La Liga 2,Spain · La Liga 2,Valladolid v Cordoba,Valladolid,Cordoba,22.7,1.35,1.27,shots,Total shots,Under 24.5,0.4982,2.01,marginal,,,,,,
2026-09-27,13:00,SP2,Spain,La Liga 2,Spain · La Liga 2,Valladolid v Cordoba,Valladolid,Cordoba,22.7,1.35,1.27,shots,Total shots,Over 26.5,0.3826,2.61,marginal,,,,,,
2026-09-27,13:00,SP2,Spain,La Liga 2,Spain · La Liga 2,Valladolid v Cordoba,Valladolid,Cordoba,22.7,1.35,1.27,shots,Total shots,Under 26.5,0.6174,1.62,marginal,,,,,,
2026-09-27,13:00,SP2,Spain,La Liga 2,Spain · La Liga 2,Valladolid v Cordoba,Valladolid,Cordoba,22.7,1.35,1.27,shots,Home shots,Over 10.5,0.6278,1.59,marginal,,,,,,
2026-09-27,13:00,SP2,Spain,La Liga 2,Spain · La Liga 2,Valladolid v Cordoba,Valladolid,Cordoba,22.7,1.35,1.27,shots,Home shots,Over 12.5,0.4508,2.22,marginal,,,,,,
2026-09-27,13:00,SP2,Spain,La Liga 2,Spain · La Liga 2,Valladolid v Cordoba,Valladolid,Cordoba,22.7,1.35,1.27,shots,Away shots,Over 10.5,0.6491,1.54,marginal,,,,,,
2026-09-27,13:00,SP2,Spain,La Liga 2,Spain · La Liga 2,Valladolid v Cordoba,Valladolid,Cordoba,22.7,1.35,1.27,shots,Away shots,Over 12.5,0.4734,2.11,marginal,,,,,,
2026-09-27,13:00,SP2,Spain,La Liga 2,Spain · La Liga 2,Valladolid v Cordoba,Valladolid,Cordoba,22.7,1.35,1.27,sot,Total shots on target,Over 7.5,0.5856,1.71,beats league average,,,24.9,,,
2026-09-27,13:00,SP2,Spain,La Liga 2,Spain · La Liga 2,Valladolid v Cordoba,Valladolid,Cordoba,22.7,1.35,1.27,sot,Total shots on target,Under 7.5,0.4144,2.41,beats league average,,,24.9,,,
2026-09-27,13:00,SP2,Spain,La Liga 2,Spain · La Liga 2,Valladolid v Cordoba,Valladolid,Cordoba,22.7,1.35,1.27,sot,Total shots on target,Over 8.5,0.4576,2.19,beats league average,,,24.9,,,
2026-09-27,13:00,SP2,Spain,La Liga 2,Spain · La Liga 2,Valladolid v Cordoba,Valladolid,Cordoba,22.7,1.35,1.27,sot,Total shots on target,Under 8.5,0.5424,1.84,beats league average,,,24.9,,,
2026-09-27,13:00,SP2,Spain,La Liga 2,Spain · La Liga 2,Valladolid v Cordoba,Valladolid,Cordoba,22.7,1.35,1.27,sot,Total shots on target,Over 9.5,0.3391,2.95,beats league average,,,24.9,,,
2026-09-27,13:00,SP2,Spain,La Liga 2,Spain · La Liga 2,Valladolid v Cordoba,Valladolid,Cordoba,22.7,1.35,1.27,sot,Total shots on target,Under 9.5,0.6609,1.51,beats league average,,,24.9,,,
2026-09-27,13:00,SP2,Spain,La Liga 2,Spain · La Liga 2,Valladolid v Cordoba,Valladolid,Cordoba,22.7,1.35,1.27,sot,Home shots on target,Over 3.5,0.5904,1.69,beats league average,,,24.9,,,
2026-09-27,13:00,SP2,Spain,La Liga 2,Spain · La Liga 2,Valladolid v Cordoba,Valladolid,Cordoba,22.7,1.35,1.27,sot,Home shots on target,Over 4.5,0.4107,2.43,beats league average,,,24.9,,,
2026-09-27,13:00,SP2,Spain,La Liga 2,Spain · La Liga 2,Valladolid v Cordoba,Valladolid,Cordoba,22.7,1.35,1.27,sot,Away shots on target,Over 3.5,0.5813,1.72,beats league average,,,24.9,,,
2026-09-27,13:00,SP2,Spain,La Liga 2,Spain · La Liga 2,Valladolid v Cordoba,Valladolid,Cordoba,22.7,1.35,1.27,sot,Away shots on target,Over 4.5,0.4015,2.49,beats league average,,,24.9,,,
2026-09-27,13:00,SP2,Spain,La Liga 2,Spain · La Liga 2,Valladolid v Cordoba,Valladolid,Cordoba,22.7,1.35,1.27,corners,Total corners,Over 7.5,0.6189,1.62,no better than league average,,,24.9,8.4,,
2026-09-27,13:00,SP2,Spain,La Liga 2,Spain · La Liga 2,Valladolid v Cordoba,Valladolid,Cordoba,22.7,1.35,1.27,corners,Total corners,Under 7.5,0.3811,2.62,no better than league average,,,24.9,8.4,,
2026-09-27,13:00,SP2,Spain,La Liga 2,Spain · La Liga 2,Valladolid v Cordoba,Valladolid,Cordoba,22.7,1.35,1.27,corners,Total corners,Over 8.5,0.5036,1.99,no better than league average,,,24.9,8.4,,
2026-09-27,13:00,SP2,Spain,La Liga 2,Spain · La Liga 2,Valladolid v Cordoba,Valladolid,Cordoba,22.7,1.35,1.27,corners,Total corners,Under 8.5,0.4964,2.01,no better than league average,,,24.9,8.4,,
2026-09-27,13:00,SP2,Spain,La Liga 2,Spain · La Liga 2,Valladolid v Cordoba,Valladolid,Cordoba,22.7,1.35,1.27,corners,Total corners,Over 9.5,0.3934,2.54,no better than league average,,,24.9,8.4,,
2026-09-27,13:00,SP2,Spain,La Liga 2,Spain · La Liga 2,Valladolid v Cordoba,Valladolid,Cordoba,22.7,1.35,1.27,corners,Total corners,Under 9.5,0.6066,1.65,no better than league average,,,24.9,8.4,,
2026-09-27,13:00,SP2,Spain,La Liga 2,Spain · La Liga 2,Valladolid v Cordoba,Valladolid,Cordoba,22.7,1.35,1.27,corners,Home corners,Over 3.5,0.5909,1.69,no better than league average,,,24.9,8.4,,
2026-09-27,13:00,SP2,Spain,La Liga 2,Spain · La Liga 2,Valladolid v Cordoba,Valladolid,Cordoba,22.7,1.35,1.27,corners,Home corners,Over 4.5,0.4269,2.34,no better than league average,,,24.9,8.4,,
2026-09-27,13:00,SP2,Spain,La Liga 2,Spain · La Liga 2,Valladolid v Cordoba,Valladolid,Cordoba,22.7,1.35,1.27,corners,Away corners,Over 3.5,0.6119,1.63,no better than league average,,,24.9,8.4,,
2026-09-27,13:00,SP2,Spain,La Liga 2,Spain · La Liga 2,Valladolid v Cordoba,Valladolid,Cordoba,22.7,1.35,1.27,corners,Away corners,Over 4.5,0.4487,2.23,no better than league average,,,24.9,8.4,,
2026-09-27,13:00,SP2,Spain,La Liga 2,Spain · La Liga 2,Valladolid v Cordoba,Valladolid,Cordoba,22.7,1.35,1.27,fouls,Total fouls,Over 29.5,0.6119,1.63,beats league average,,,24.9,8.4,8.8,
2026-09-27,13:00,SP2,Spain,La Liga 2,Spain · La Liga 2,Valladolid v Cordoba,Valladolid,Cordoba,22.7,1.35,1.27,fouls,Total fouls,Under 29.5,0.3881,2.58,beats league average,,,24.9,8.4,8.8,
2026-09-27,13:00,SP2,Spain,La Liga 2,Spain · La Liga 2,Valladolid v Cordoba,Valladolid,Cordoba,22.7,1.35,1.27,fouls,Total fouls,Over 31.5,0.4936,2.03,beats league average,,,24.9,8.4,8.8,
2026-09-27,13:00,SP2,Spain,La Liga 2,Spain · La Liga 2,Valladolid v Cordoba,Valladolid,Cordoba,22.7,1.35,1.27,fouls,Total fouls,Under 31.5,0.5064,1.97,beats league average,,,24.9,8.4,8.8,
2026-09-27,13:00,SP2,Spain,La Liga 2,Spain · La Liga 2,Valladolid v Cordoba,Valladolid,Cordoba,22.7,1.35,1.27,fouls,Total fouls,Over 33.5,0.3789,2.64,beats league average,,,24.9,8.4,8.8,
2026-09-27,13:00,SP2,Spain,La Liga 2,Spain · La Liga 2,Valladolid v Cordoba,Valladolid,Cordoba,22.7,1.35,1.27,fouls,Total fouls,Under 33.5,0.6211,1.61,beats league average,,,24.9,8.4,8.8,
2026-09-27,13:00,SP2,Spain,La Liga 2,Spain · La Liga 2,Valladolid v Cordoba,Valladolid,Cordoba,22.7,1.35,1.27,fouls,Home fouls,Over 13.5,0.6359,1.57,beats league average,,,24.9,8.4,8.8,
2026-09-27,13:00,SP2,Spain,La Liga 2,Spain · La Liga 2,Valladolid v Cordoba,Valladolid,Cordoba,22.7,1.35,1.27,fouls,Home fouls,Over 15.5,0.4652,2.15,beats league average,,,24.9,8.4,8.8,
2026-09-27,13:00,SP2,Spain,La Liga 2,Spain · La Liga 2,Valladolid v Cordoba,Valladolid,Cordoba,22.7,1.35,1.27,fouls,Away fouls,Over 14.5,0.6236,1.6,beats league average,,,24.9,8.4,8.8,
2026-09-27,13:00,SP2,Spain,La Liga 2,Spain · La Liga 2,Valladolid v Cordoba,Valladolid,Cordoba,22.7,1.35,1.27,fouls,Away fouls,Over 16.5,0.4578,2.18,beats league average,,,24.9,8.4,8.8,
2026-09-27,13:00,SP2,Spain,La Liga 2,Spain · La Liga 2,Valladolid v Cordoba,Valladolid,Cordoba,22.7,1.35,1.27,yellows,Total yellow cards,Over 4.5,0.6973,1.43,no better than league average,,,24.9,8.4,8.8,31.7
2026-09-27,13:00,SP2,Spain,La Liga 2,Spain · La Liga 2,Valladolid v Cordoba,Valladolid,Cordoba,22.7,1.35,1.27,yellows,Total yellow cards,Under 4.5,0.3027,3.3,no better than league average,,,24.9,8.4,8.8,31.7
2026-09-27,13:00,SP2,Spain,La Liga 2,Spain · La Liga 2,Valladolid v Cordoba,Valladolid,Cordoba,22.7,1.35,1.27,yellows,Total yellow cards,Over 5.5,0.5333,1.88,no better than league average,,,24.9,8.4,8.8,31.7
2026-09-27,13:00,SP2,Spain,La Liga 2,Spain · La Liga 2,Valladolid v Cordoba,Valladolid,Cordoba,22.7,1.35,1.27,yellows,Total yellow cards,Under 5.5,0.4667,2.14,no better than league average,,,24.9,8.4,8.8,31.7
2026-09-27,13:00,SP2,Spain,La Liga 2,Spain · La Liga 2,Valladolid v Cordoba,Valladolid,Cordoba,22.7,1.35,1.27,yellows,Total yellow cards,Over 6.5,0.3729,2.68,no better than league average,,,24.9,8.4,8.8,31.7
2026-09-27,13:00,SP2,Spain,La Liga 2,Spain · La Liga 2,Valladolid v Cordoba,Valladolid,Cordoba,22.7,1.35,1.27,yellows,Total yellow cards,Under 6.5,0.6271,1.59,no better than league average,,,24.9,8.4,8.8,31.7
2026-09-27,13:00,SP2,Spain,La Liga 2,Spain · La Liga 2,Valladolid v Cordoba,Valladolid,Cordoba,22.7,1.35,1.27,yellows,Home yellow cards,Over 1.5,0.7576,1.32,no better than league average,,,24.9,8.4,8.8,31.7
2026-09-27,13:00,SP2,Spain,La Liga 2,Spain · La Liga 2,Valladolid v Cordoba,Valladolid,Cordoba,22.7,1.35,1.27,yellows,Home yellow cards,Over 2.5,0.5148,1.94,no better than league average,,,24.9,8.4,8.8,31.7
2026-09-27,13:00,SP2,Spain,La Liga 2,Spain · La Liga 2,Valladolid v Cordoba,Valladolid,Cordoba,22.7,1.35,1.27,yellows,Away yellow cards,Over 2.5,0.6066,1.65,no better than league average,,,24.9,8.4,8.8,31.7
2026-09-27,13:00,SP2,Spain,La Liga 2,Spain · La Liga 2,Valladolid v Cordoba,Valladolid,Cordoba,22.7,1.35,1.27,yellows,Away yellow cards,Over 3.5,0.3832,2.61,no better than league average,,,24.9,8.4,8.8,31.7
2026-09-27,17:30,SP2,Spain,La Liga 2,Spain · La Liga 2,Burgos v Eldense,Burgos,Eldense,10.4,1.37,0.64,goals,1X2,Home,0.5474,1.83,no better than league average,1.91,4.54,,,,
2026-09-27,17:30,SP2,Spain,La Liga 2,Spain · La Liga 2,Burgos v Eldense,Burgos,Eldense,10.4,1.37,0.64,goals,1X2,Draw,0.2783,3.59,no better than league average,3.3,-8.15,,,,
2026-09-27,17:30,SP2,Spain,La Liga 2,Spain · La Liga 2,Burgos v Eldense,Burgos,Eldense,10.4,1.37,0.64,goals,1X2,Away,0.1743,5.74,no better than league average,4.0,-30.28,,,,
2026-09-27,17:30,SP2,Spain,La Liga 2,Spain · La Liga 2,Burgos v Eldense,Burgos,Eldense,10.4,1.37,0.64,goals,Double chance,Home or Draw,0.8257,1.21,no better than league average,,,,,,
2026-09-27,17:30,SP2,Spain,La Liga 2,Spain · La Liga 2,Burgos v Eldense,Burgos,Eldense,10.4,1.37,0.64,goals,Double chance,Home or Away,0.7217,1.39,no better than league average,,,,,,
2026-09-27,17:30,SP2,Spain,La Liga 2,Spain · La Liga 2,Burgos v Eldense,Burgos,Eldense,10.4,1.37,0.64,goals,Double chance,Draw or Away,0.4526,2.21,no better than league average,,,,,,
2026-09-27,17:30,SP2,Spain,La Liga 2,Spain · La Liga 2,Burgos v Eldense,Burgos,Eldense,10.4,1.37,0.64,goals,Total goals,Over 0.5,0.8672,1.15,no better than league average,,,,,,
2026-09-27,17:30,SP2,Spain,La Liga 2,Spain · La Liga 2,Burgos v Eldense,Burgos,Eldense,10.4,1.37,0.64,goals,Total goals,Under 0.5,0.1328,7.53,no better than league average,,,,,,
2026-09-27,17:30,SP2,Spain,La Liga 2,Spain · La Liga 2,Burgos v Eldense,Burgos,Eldense,10.4,1.37,0.64,goals,Total goals,Over 1.5,0.5978,1.67,no better than league average,,,,,,
2026-09-27,17:30,SP2,Spain,La Liga 2,Spain · La Liga 2,Burgos v Eldense,Burgos,Eldense,10.4,1.37,0.64,goals,Total goals,Under 1.5,0.4022,2.49,no better than league average,,,,,,
2026-09-27,17:30,SP2,Spain,La Liga 2,Spain · La Liga 2,Burgos v Eldense,Burgos,Eldense,10.4,1.37,0.64,goals,Total goals,Over 2.5,0.3276,3.05,no better than league average,2.15,-29.58,,,,
2026-09-27,17:30,SP2,Spain,La Liga 2,Spain · La Liga 2,Burgos v Eldense,Burgos,Eldense,10.4,1.37,0.64,goals,Total goals,Under 2.5,0.6724,1.49,no better than league average,1.67,12.3,,,,
2026-09-27,17:30,SP2,Spain,La Liga 2,Spain · La Liga 2,Burgos v Eldense,Burgos,Eldense,10.4,1.37,0.64,goals,Total goals,Over 3.5,0.1457,6.86,no better than league average,,,,,,
2026-09-27,17:30,SP2,Spain,La Liga 2,Spain · La Liga 2,Burgos v Eldense,Burgos,Eldense,10.4,1.37,0.64,goals,Total goals,Under 3.5,0.8543,1.17,no better than league average,,,,,,
2026-09-27,17:30,SP2,Spain,La Liga 2,Spain · La Liga 2,Burgos v Eldense,Burgos,Eldense,10.4,1.37,0.64,goals,Total goals,Over 4.5,0.0541,18.49,no better than league average,,,,,,
2026-09-27,17:30,SP2,Spain,La Liga 2,Spain · La Liga 2,Burgos v Eldense,Burgos,Eldense,10.4,1.37,0.64,goals,Total goals,Under 4.5,0.9459,1.06,no better than league average,,,,,,
2026-09-27,17:30,SP2,Spain,La Liga 2,Spain · La Liga 2,Burgos v Eldense,Burgos,Eldense,10.4,1.37,0.64,goals,Both teams to score,Yes,0.3531,2.83,no better than league average,,,,,,
2026-09-27,17:30,SP2,Spain,La Liga 2,Spain · La Liga 2,Burgos v Eldense,Burgos,Eldense,10.4,1.37,0.64,goals,Both teams to score,No,0.6469,1.55,no better than league average,,,,,,
2026-09-27,17:30,SP2,Spain,La Liga 2,Spain · La Liga 2,Burgos v Eldense,Burgos,Eldense,10.4,1.37,0.64,goals,Home team goals,Over 0.5,0.747,1.34,no better than league average,,,,,,
2026-09-27,17:30,SP2,Spain,La Liga 2,Spain · La Liga 2,Burgos v Eldense,Burgos,Eldense,10.4,1.37,0.64,goals,Home team goals,Over 1.5,0.3994,2.5,no better than league average,,,,,,
2026-09-27,17:30,SP2,Spain,La Liga 2,Spain · La Liga 2,Burgos v Eldense,Burgos,Eldense,10.4,1.37,0.64,goals,Home team goals,Over 2.5,0.1604,6.23,no better than league average,,,,,,
2026-09-27,17:30,SP2,Spain,La Liga 2,Spain · La Liga 2,Burgos v Eldense,Burgos,Eldense,10.4,1.37,0.64,goals,Away team goals,Over 0.5,0.4733,2.11,no better than league average,,,,,,
2026-09-27,17:30,SP2,Spain,La Liga 2,Spain · La Liga 2,Burgos v Eldense,Burgos,Eldense,10.4,1.37,0.64,goals,Away team goals,Over 1.5,0.1356,7.37,no better than league average,,,,,,
2026-09-27,17:30,SP2,Spain,La Liga 2,Spain · La Liga 2,Burgos v Eldense,Burgos,Eldense,10.4,1.37,0.64,goals,Away team goals,Over 2.5,0.0274,36.54,no better than league average,,,,,,
2026-09-27,17:30,SP2,Spain,La Liga 2,Spain · La Liga 2,Burgos v Eldense,Burgos,Eldense,10.4,1.37,0.64,goals,Asian handicap,Home -0.5,0.5474,1.83,no better than league average,1.95,6.73,,,,
2026-09-27,17:30,SP2,Spain,La Liga 2,Spain · La Liga 2,Burgos v Eldense,Burgos,Eldense,10.4,1.37,0.64,goals,Asian handicap,Away +0.5,0.4526,2.21,no better than league average,1.85,-16.26,,,,
2026-09-27,17:30,SP2,Spain,La Liga 2,Spain · La Liga 2,Burgos v Eldense,Burgos,Eldense,10.4,1.37,0.64,ht_goals,Half-time result,Home,0.388,2.58,no better than league average,,,,,,
2026-09-27,17:30,SP2,Spain,La Liga 2,Spain · La Liga 2,Burgos v Eldense,Burgos,Eldense,10.4,1.37,0.64,ht_goals,Half-time result,Draw,0.4785,2.09,no better than league average,,,,,,
2026-09-27,17:30,SP2,Spain,La Liga 2,Spain · La Liga 2,Burgos v Eldense,Burgos,Eldense,10.4,1.37,0.64,ht_goals,Half-time result,Away,0.1334,7.49,no better than league average,,,,,,
2026-09-27,17:30,SP2,Spain,La Liga 2,Spain · La Liga 2,Burgos v Eldense,Burgos,Eldense,10.4,1.37,0.64,ht_goals,Half-time goals,Over 0.5,0.5926,1.69,no better than league average,,,,,,
2026-09-27,17:30,SP2,Spain,La Liga 2,Spain · La Liga 2,Burgos v Eldense,Burgos,Eldense,10.4,1.37,0.64,ht_goals,Half-time goals,Over 1.5,0.2268,4.41,no better than league average,,,,,,
2026-09-27,17:30,SP2,Spain,La Liga 2,Spain · La Liga 2,Burgos v Eldense,Burgos,Eldense,10.4,1.37,0.64,ht_goals,Half-time goals,Over 2.5,0.0625,15.99,no better than league average,,,,,,
2026-09-27,17:30,SP2,Spain,La Liga 2,Spain · La Liga 2,Burgos v Eldense,Burgos,Eldense,10.4,1.37,0.64,shots,Total shots,Over 19.5,0.616,1.62,marginal,,,,,,
2026-09-27,17:30,SP2,Spain,La Liga 2,Spain · La Liga 2,Burgos v Eldense,Burgos,Eldense,10.4,1.37,0.64,shots,Total shots,Under 19.5,0.384,2.6,marginal,,,,,,
2026-09-27,17:30,SP2,Spain,La Liga 2,Spain · La Liga 2,Burgos v Eldense,Burgos,Eldense,10.4,1.37,0.64,shots,Total shots,Over 21.5,0.4831,2.07,marginal,,,,,,
2026-09-27,17:30,SP2,Spain,La Liga 2,Spain · La Liga 2,Burgos v Eldense,Burgos,Eldense,10.4,1.37,0.64,shots,Total shots,Under 21.5,0.5169,1.93,marginal,,,,,,
2026-09-27,17:30,SP2,Spain,La Liga 2,Spain · La Liga 2,Burgos v Eldense,Burgos,Eldense,10.4,1.37,0.64,shots,Total shots,Over 23.5,0.3575,2.8,marginal,,,,,,
2026-09-27,17:30,SP2,Spain,La Liga 2,Spain · La Liga 2,Burgos v Eldense,Burgos,Eldense,10.4,1.37,0.64,shots,Total shots,Under 23.5,0.6425,1.56,marginal,,,,,,
2026-09-27,17:30,SP2,Spain,La Liga 2,Spain · La Liga 2,Burgos v Eldense,Burgos,Eldense,10.4,1.37,0.64,shots,Home shots,Over 8.5,0.6938,1.44,marginal,,,,,,
2026-09-27,17:30,SP2,Spain,La Liga 2,Spain · La Liga 2,Burgos v Eldense,Burgos,Eldense,10.4,1.37,0.64,shots,Home shots,Over 10.5,0.5053,1.98,marginal,,,,,,
2026-09-27,17:30,SP2,Spain,La Liga 2,Spain · La Liga 2,Burgos v Eldense,Burgos,Eldense,10.4,1.37,0.64,shots,Away shots,Over 8.5,0.6712,1.49,marginal,,,,,,
2026-09-27,17:30,SP2,Spain,La Liga 2,Spain · La Liga 2,Burgos v Eldense,Burgos,Eldense,10.4,1.37,0.64,shots,Away shots,Over 10.5,0.4798,2.08,marginal,,,,,,
2026-09-27,17:30,SP2,Spain,La Liga 2,Spain · La Liga 2,Burgos v Eldense,Burgos,Eldense,10.4,1.37,0.64,sot,Total shots on target,Over 5.5,0.678,1.47,beats league average,,,21.6,,,
2026-09-27,17:30,SP2,Spain,La Liga 2,Spain · La Liga 2,Burgos v Eldense,Burgos,Eldense,10.4,1.37,0.64,sot,Total shots on target,Under 5.5,0.322,3.11,beats league average,,,21.6,,,
2026-09-27,17:30,SP2,Spain,La Liga 2,Spain · La Liga 2,Burgos v Eldense,Burgos,Eldense,10.4,1.37,0.64,sot,Total shots on target,Over 6.5,0.5378,1.86,beats league average,,,21.6,,,
2026-09-27,17:30,SP2,Spain,La Liga 2,Spain · La Liga 2,Burgos v Eldense,Burgos,Eldense,10.4,1.37,0.64,sot,Total shots on target,Under 6.5,0.4622,2.16,beats league average,,,21.6,,,
2026-09-27,17:30,SP2,Spain,La Liga 2,Spain · La Liga 2,Burgos v Eldense,Burgos,Eldense,10.4,1.37,0.64,sot,Total shots on target,Over 7.5,0.4006,2.5,beats league average,,,21.6,,,
2026-09-27,17:30,SP2,Spain,La Liga 2,Spain · La Liga 2,Burgos v Eldense,Burgos,Eldense,10.4,1.37,0.64,sot,Total shots on target,Under 7.5,0.5994,1.67,beats league average,,,21.6,,,
2026-09-27,17:30,SP2,Spain,La Liga 2,Spain · La Liga 2,Burgos v Eldense,Burgos,Eldense,10.4,1.37,0.64,sot,Home shots on target,Over 2.5,0.7307,1.37,beats league average,,,21.6,,,
2026-09-27,17:30,SP2,Spain,La Liga 2,Spain · La Liga 2,Burgos v Eldense,Burgos,Eldense,10.4,1.37,0.64,sot,Home shots on target,Over 3.5,0.5421,1.84,beats league average,,,21.6,,,
2026-09-27,17:30,SP2,Spain,La Liga 2,Spain · La Liga 2,Burgos v Eldense,Burgos,Eldense,10.4,1.37,0.64,sot,Away shots on target,Over 2.5,0.5676,1.76,beats league average,,,21.6,,,
2026-09-27,17:30,SP2,Spain,La Liga 2,Spain · La Liga 2,Burgos v Eldense,Burgos,Eldense,10.4,1.37,0.64,sot,Away shots on target,Over 3.5,0.3612,2.77,beats league average,,,21.6,,,
2026-09-27,17:30,SP2,Spain,La Liga 2,Spain · La Liga 2,Burgos v Eldense,Burgos,Eldense,10.4,1.37,0.64,corners,Total corners,Over 8.5,0.5752,1.74,no better than league average,,,21.6,7.0,,
2026-09-27,17:30,SP2,Spain,La Liga 2,Spain · La Liga 2,Burgos v Eldense,Burgos,Eldense,10.4,1.37,0.64,corners,Total corners,Under 8.5,0.4248,2.35,no better than league average,,,21.6,7.0,,
2026-09-27,17:30,SP2,Spain,La Liga 2,Spain · La Liga 2,Burgos v Eldense,Burgos,Eldense,10.4,1.37,0.64,corners,Total corners,Over 9.5,0.4648,2.15,no better than league average,,,21.6,7.0,,
2026-09-27,17:30,SP2,Spain,La Liga 2,Spain · La Liga 2,Burgos v Eldense,Burgos,Eldense,10.4,1.37,0.64,corners,Total corners,Under 9.5,0.5352,1.87,no better than league average,,,21.6,7.0,,
2026-09-27,17:30,SP2,Spain,La Liga 2,Spain · La Liga 2,Burgos v Eldense,Burgos,Eldense,10.4,1.37,0.64,corners,Total corners,Over 10.5,0.3617,2.76,no better than league average,,,21.6,7.0,,
2026-09-27,17:30,SP2,Spain,La Liga 2,Spain · La Liga 2,Burgos v Eldense,Burgos,Eldense,10.4,1.37,0.64,corners,Total corners,Under 10.5,0.6383,1.57,no better than league average,,,21.6,7.0,,
2026-09-27,17:30,SP2,Spain,La Liga 2,Spain · La Liga 2,Burgos v Eldense,Burgos,Eldense,10.4,1.37,0.64,corners,Home corners,Over 2.5,0.6905,1.45,no better than league average,,,21.6,7.0,,
2026-09-27,17:30,SP2,Spain,La Liga 2,Spain · La Liga 2,Burgos v Eldense,Burgos,Eldense,10.4,1.37,0.64,corners,Home corners,Over 3.5,0.5106,1.96,no better than league average,,,21.6,7.0,,
2026-09-27,17:30,SP2,Spain,La Liga 2,Spain · La Liga 2,Burgos v Eldense,Burgos,Eldense,10.4,1.37,0.64,corners,Away corners,Over 4.5,0.6181,1.62,no better than league average,,,21.6,7.0,,
2026-09-27,17:30,SP2,Spain,La Liga 2,Spain · La Liga 2,Burgos v Eldense,Burgos,Eldense,10.4,1.37,0.64,corners,Away corners,Over 5.5,0.4722,2.12,no better than league average,,,21.6,7.0,,
2026-09-27,17:30,SP2,Spain,La Liga 2,Spain · La Liga 2,Burgos v Eldense,Burgos,Eldense,10.4,1.37,0.64,fouls,Total fouls,Over 23.5,0.6174,1.62,beats league average,,,21.6,7.0,9.5,
2026-09-27,17:30,SP2,Spain,La Liga 2,Spain · La Liga 2,Burgos v Eldense,Burgos,Eldense,10.4,1.37,0.64,fouls,Total fouls,Under 23.5,0.3826,2.61,beats league average,,,21.6,7.0,9.5,
2026-09-27,17:30,SP2,Spain,La Liga 2,Spain · La Liga 2,Burgos v Eldense,Burgos,Eldense,10.4,1.37,0.64,fouls,Total fouls,Over 25.5,0.4855,2.06,beats league average,,,21.6,7.0,9.5,
2026-09-27,17:30,SP2,Spain,La Liga 2,Spain · La Liga 2,Burgos v Eldense,Burgos,Eldense,10.4,1.37,0.64,fouls,Total fouls,Under 25.5,0.5145,1.94,beats league average,,,21.6,7.0,9.5,
2026-09-27,17:30,SP2,Spain,La Liga 2,Spain · La Liga 2,Burgos v Eldense,Burgos,Eldense,10.4,1.37,0.64,fouls,Total fouls,Over 27.5,0.3593,2.78,beats league average,,,21.6,7.0,9.5,
2026-09-27,17:30,SP2,Spain,La Liga 2,Spain · La Liga 2,Burgos v Eldense,Burgos,Eldense,10.4,1.37,0.64,fouls,Total fouls,Under 27.5,0.6407,1.56,beats league average,,,21.6,7.0,9.5,
2026-09-27,17:30,SP2,Spain,La Liga 2,Spain · La Liga 2,Burgos v Eldense,Burgos,Eldense,10.4,1.37,0.64,fouls,Home fouls,Over 10.5,0.6304,1.59,beats league average,,,21.6,7.0,9.5,
2026-09-27,17:30,SP2,Spain,La Liga 2,Spain · La Liga 2,Burgos v Eldense,Burgos,Eldense,10.4,1.37,0.64,fouls,Home fouls,Over 12.5,0.4384,2.28,beats league average,,,21.6,7.0,9.5,
2026-09-27,17:30,SP2,Spain,La Liga 2,Spain · La Liga 2,Burgos v Eldense,Burgos,Eldense,10.4,1.37,0.64,fouls,Away fouls,Over 11.5,0.6481,1.54,beats league average,,,21.6,7.0,9.5,
2026-09-27,17:30,SP2,Spain,La Liga 2,Spain · La Liga 2,Burgos v Eldense,Burgos,Eldense,10.4,1.37,0.64,fouls,Away fouls,Over 13.5,0.4651,2.15,beats league average,,,21.6,7.0,9.5,
2026-09-27,17:30,SP2,Spain,La Liga 2,Spain · La Liga 2,Burgos v Eldense,Burgos,Eldense,10.4,1.37,0.64,yellows,Total yellow cards,Over 3.5,0.679,1.47,no better than league average,,,21.6,7.0,9.5,25.6
2026-09-27,17:30,SP2,Spain,La Liga 2,Spain · La Liga 2,Burgos v Eldense,Burgos,Eldense,10.4,1.37,0.64,yellows,Total yellow cards,Under 3.5,0.321,3.11,no better than league average,,,21.6,7.0,9.5,25.6
2026-09-27,17:30,SP2,Spain,La Liga 2,Spain · La Liga 2,Burgos v Eldense,Burgos,Eldense,10.4,1.37,0.64,yellows,Total yellow cards,Over 4.5,0.4921,2.03,no better than league average,,,21.6,7.0,9.5,25.6
2026-09-27,17:30,SP2,Spain,La Liga 2,Spain · La Liga 2,Burgos v Eldense,Burgos,Eldense,10.4,1.37,0.64,yellows,Total yellow cards,Under 4.5,0.5079,1.97,no better than league average,,,21.6,7.0,9.5,25.6
2026-09-27,17:30,SP2,Spain,La Liga 2,Spain · La Liga 2,Burgos v Eldense,Burgos,Eldense,10.4,1.37,0.64,yellows,Total yellow cards,Over 5.5,0.3192,3.13,no better than league average,,,21.6,7.0,9.5,25.6
2026-09-27,17:30,SP2,Spain,La Liga 2,Spain · La Liga 2,Burgos v Eldense,Burgos,Eldense,10.4,1.37,0.64,yellows,Total yellow cards,Under 5.5,0.6808,1.47,no better than league average,,,21.6,7.0,9.5,25.6
2026-09-27,17:30,SP2,Spain,La Liga 2,Spain · La Liga 2,Burgos v Eldense,Burgos,Eldense,10.4,1.37,0.64,yellows,Home yellow cards,Over 1.5,0.5995,1.67,no better than league average,,,21.6,7.0,9.5,25.6
2026-09-27,17:30,SP2,Spain,La Liga 2,Spain · La Liga 2,Burgos v Eldense,Burgos,Eldense,10.4,1.37,0.64,yellows,Home yellow cards,Over 2.5,0.3289,3.04,no better than league average,,,21.6,7.0,9.5,25.6
2026-09-27,17:30,SP2,Spain,La Liga 2,Spain · La Liga 2,Burgos v Eldense,Burgos,Eldense,10.4,1.37,0.64,yellows,Away yellow cards,Over 1.5,0.7342,1.36,no better than league average,,,21.6,7.0,9.5,25.6
2026-09-27,17:30,SP2,Spain,La Liga 2,Spain · La Liga 2,Burgos v Eldense,Burgos,Eldense,10.4,1.37,0.64,yellows,Away yellow cards,Over 2.5,0.4836,2.07,no better than league average,,,21.6,7.0,9.5,25.6
2026-09-27,17:30,SP2,Spain,La Liga 2,Spain · La Liga 2,Eibar v Las Palmas,Eibar,Las Palmas,22.0,1.25,0.83,goals,1X2,Home,0.4607,2.17,no better than league average,1.91,-12.0,,,,
2026-09-27,17:30,SP2,Spain,La Liga 2,Spain · La Liga 2,Eibar v Las Palmas,Eibar,Las Palmas,22.0,1.25,0.83,goals,1X2,Draw,0.2916,3.43,no better than league average,3.3,-3.76,,,,
2026-09-27,17:30,SP2,Spain,La Liga 2,Spain · La Liga 2,Eibar v Las Palmas,Eibar,Las Palmas,22.0,1.25,0.83,goals,1X2,Away,0.2476,4.04,no better than league average,4.0,-0.94,,,,
2026-09-27,17:30,SP2,Spain,La Liga 2,Spain · La Liga 2,Eibar v Las Palmas,Eibar,Las Palmas,22.0,1.25,0.83,goals,Double chance,Home or Draw,0.7524,1.33,no better than league average,,,,,,
2026-09-27,17:30,SP2,Spain,La Liga 2,Spain · La Liga 2,Eibar v Las Palmas,Eibar,Las Palmas,22.0,1.25,0.83,goals,Double chance,Home or Away,0.7084,1.41,no better than league average,,,,,,
2026-09-27,17:30,SP2,Spain,La Liga 2,Spain · La Liga 2,Eibar v Las Palmas,Eibar,Las Palmas,22.0,1.25,0.83,goals,Double chance,Draw or Away,0.5393,1.85,no better than league average,,,,,,
2026-09-27,17:30,SP2,Spain,La Liga 2,Spain · La Liga 2,Eibar v Las Palmas,Eibar,Las Palmas,22.0,1.25,0.83,goals,Total goals,Over 0.5,0.8753,1.14,no better than league average,,,,,,
2026-09-27,17:30,SP2,Spain,La Liga 2,Spain · La Liga 2,Eibar v Las Palmas,Eibar,Las Palmas,22.0,1.25,0.83,goals,Total goals,Under 0.5,0.1247,8.02,no better than league average,,,,,,
2026-09-27,17:30,SP2,Spain,La Liga 2,Spain · La Liga 2,Eibar v Las Palmas,Eibar,Las Palmas,22.0,1.25,0.83,goals,Total goals,Over 1.5,0.6144,1.63,no better than league average,,,,,,
2026-09-27,17:30,SP2,Spain,La Liga 2,Spain · La Liga 2,Eibar v Las Palmas,Eibar,Las Palmas,22.0,1.25,0.83,goals,Total goals,Under 1.5,0.3856,2.59,no better than league average,,,,,,
2026-09-27,17:30,SP2,Spain,La Liga 2,Spain · La Liga 2,Eibar v Las Palmas,Eibar,Las Palmas,22.0,1.25,0.83,goals,Total goals,Over 2.5,0.3446,2.9,no better than league average,1.98,-31.78,,,,
2026-09-27,17:30,SP2,Spain,La Liga 2,Spain · La Liga 2,Eibar v Las Palmas,Eibar,Las Palmas,22.0,1.25,0.83,goals,Total goals,Under 2.5,0.6554,1.53,no better than league average,1.83,19.95,,,,
2026-09-27,17:30,SP2,Spain,La Liga 2,Spain · La Liga 2,Eibar v Las Palmas,Eibar,Las Palmas,22.0,1.25,0.83,goals,Total goals,Over 3.5,0.1573,6.36,no better than league average,,,,,,
2026-09-27,17:30,SP2,Spain,La Liga 2,Spain · La Liga 2,Eibar v Las Palmas,Eibar,Las Palmas,22.0,1.25,0.83,goals,Total goals,Under 3.5,0.8427,1.19,no better than league average,,,,,,
2026-09-27,17:30,SP2,Spain,La Liga 2,Spain · La Liga 2,Eibar v Las Palmas,Eibar,Las Palmas,22.0,1.25,0.83,goals,Total goals,Over 4.5,0.06,16.66,no better than league average,,,,,,
2026-09-27,17:30,SP2,Spain,La Liga 2,Spain · La Liga 2,Eibar v Las Palmas,Eibar,Las Palmas,22.0,1.25,0.83,goals,Total goals,Under 4.5,0.94,1.06,no better than league average,,,,,,
2026-09-27,17:30,SP2,Spain,La Liga 2,Spain · La Liga 2,Eibar v Las Palmas,Eibar,Las Palmas,22.0,1.25,0.83,goals,Both teams to score,Yes,0.4018,2.49,no better than league average,,,,,,
2026-09-27,17:30,SP2,Spain,La Liga 2,Spain · La Liga 2,Eibar v Las Palmas,Eibar,Las Palmas,22.0,1.25,0.83,goals,Both teams to score,No,0.5982,1.67,no better than league average,,,,,,
2026-09-27,17:30,SP2,Spain,La Liga 2,Spain · La Liga 2,Eibar v Las Palmas,Eibar,Las Palmas,22.0,1.25,0.83,goals,Home team goals,Over 0.5,0.7128,1.4,no better than league average,,,,,,
2026-09-27,17:30,SP2,Spain,La Liga 2,Spain · La Liga 2,Eibar v Las Palmas,Eibar,Las Palmas,22.0,1.25,0.83,goals,Home team goals,Over 1.5,0.3545,2.82,no better than league average,,,,,,
2026-09-27,17:30,SP2,Spain,La Liga 2,Spain · La Liga 2,Eibar v Las Palmas,Eibar,Las Palmas,22.0,1.25,0.83,goals,Home team goals,Over 2.5,0.131,7.63,no better than league average,,,,,,
2026-09-27,17:30,SP2,Spain,La Liga 2,Spain · La Liga 2,Eibar v Las Palmas,Eibar,Las Palmas,22.0,1.25,0.83,goals,Away team goals,Over 0.5,0.5643,1.77,no better than league average,,,,,,
2026-09-27,17:30,SP2,Spain,La Liga 2,Spain · La Liga 2,Eibar v Las Palmas,Eibar,Las Palmas,22.0,1.25,0.83,goals,Away team goals,Over 1.5,0.2023,4.94,no better than league average,,,,,,
2026-09-27,17:30,SP2,Spain,La Liga 2,Spain · La Liga 2,Eibar v Las Palmas,Eibar,Las Palmas,22.0,1.25,0.83,goals,Away team goals,Over 2.5,0.052,19.25,no better than league average,,,,,,
2026-09-27,17:30,SP2,Spain,La Liga 2,Spain · La Liga 2,Eibar v Las Palmas,Eibar,Las Palmas,22.0,1.25,0.83,goals,Asian handicap,Home -0.5,0.4607,2.17,no better than league average,1.95,-10.16,,,,
2026-09-27,17:30,SP2,Spain,La Liga 2,Spain · La Liga 2,Eibar v Las Palmas,Eibar,Las Palmas,22.0,1.25,0.83,goals,Asian handicap,Away +0.5,0.5393,1.85,no better than league average,1.85,-0.23,,,,
2026-09-27,17:30,SP2,Spain,La Liga 2,Spain · La Liga 2,Eibar v Las Palmas,Eibar,Las Palmas,22.0,1.25,0.83,ht_goals,Half-time result,Home,0.3054,3.27,no better than league average,,,,,,
2026-09-27,17:30,SP2,Spain,La Liga 2,Spain · La Liga 2,Eibar v Las Palmas,Eibar,Las Palmas,22.0,1.25,0.83,ht_goals,Half-time result,Draw,0.4748,2.11,no better than league average,,,,,,
2026-09-27,17:30,SP2,Spain,La Liga 2,Spain · La Liga 2,Eibar v Las Palmas,Eibar,Las Palmas,22.0,1.25,0.83,ht_goals,Half-time result,Away,0.2198,4.55,no better than league average,,,,,,
2026-09-27,17:30,SP2,Spain,La Liga 2,Spain · La Liga 2,Eibar v Las Palmas,Eibar,Las Palmas,22.0,1.25,0.83,ht_goals,Half-time goals,Over 0.5,0.6169,1.62,no better than league average,,,,,,
2026-09-27,17:30,SP2,Spain,La Liga 2,Spain · La Liga 2,Eibar v Las Palmas,Eibar,Las Palmas,22.0,1.25,0.83,ht_goals,Half-time goals,Over 1.5,0.2493,4.01,no better than league average,,,,,,
2026-09-27,17:30,SP2,Spain,La Liga 2,Spain · La Liga 2,Eibar v Las Palmas,Eibar,Las Palmas,22.0,1.25,0.83,ht_goals,Half-time goals,Over 2.5,0.073,13.7,no better than league average,,,,,,
2026-09-27,17:30,SP2,Spain,La Liga 2,Spain · La Liga 2,Eibar v Las Palmas,Eibar,Las Palmas,22.0,1.25,0.83,shots,Total shots,Over 20.5,0.6101,1.64,marginal,,,,,,
2026-09-27,17:30,SP2,Spain,La Liga 2,Spain · La Liga 2,Eibar v Las Palmas,Eibar,Las Palmas,22.0,1.25,0.83,shots,Total shots,Under 20.5,0.3899,2.56,marginal,,,,,,
2026-09-27,17:30,SP2,Spain,La Liga 2,Spain · La Liga 2,Eibar v Las Palmas,Eibar,Las Palmas,22.0,1.25,0.83,shots,Total shots,Over 22.5,0.4801,2.08,marginal,,,,,,
2026-09-27,17:30,SP2,Spain,La Liga 2,Spain · La Liga 2,Eibar v Las Palmas,Eibar,Las Palmas,22.0,1.25,0.83,shots,Total shots,Under 22.5,0.5199,1.92,marginal,,,,,,
2026-09-27,17:30,SP2,Spain,La Liga 2,Spain · La Liga 2,Eibar v Las Palmas,Eibar,Las Palmas,22.0,1.25,0.83,shots,Total shots,Over 24.5,0.3572,2.8,marginal,,,,,,
2026-09-27,17:30,SP2,Spain,La Liga 2,Spain · La Liga 2,Eibar v Las Palmas,Eibar,Las Palmas,22.0,1.25,0.83,shots,Total shots,Under 24.5,0.6428,1.56,marginal,,,,,,
2026-09-27,17:30,SP2,Spain,La Liga 2,Spain · La Liga 2,Eibar v Las Palmas,Eibar,Las Palmas,22.0,1.25,0.83,shots,Home shots,Over 9.5,0.6541,1.53,marginal,,,,,,
2026-09-27,17:30,SP2,Spain,La Liga 2,Spain · La Liga 2,Eibar v Las Palmas,Eibar,Las Palmas,22.0,1.25,0.83,shots,Home shots,Over 11.5,0.4706,2.13,marginal,,,,,,
2026-09-27,17:30,SP2,Spain,La Liga 2,Spain · La Liga 2,Eibar v Las Palmas,Eibar,Las Palmas,22.0,1.25,0.83,shots,Away shots,Over 9.5,0.6055,1.65,marginal,,,,,,
2026-09-27,17:30,SP2,Spain,La Liga 2,Spain · La Liga 2,Eibar v Las Palmas,Eibar,Las Palmas,22.0,1.25,0.83,shots,Away shots,Over 11.5,0.4194,2.38,marginal,,,,,,
2026-09-27,17:30,SP2,Spain,La Liga 2,Spain · La Liga 2,Eibar v Las Palmas,Eibar,Las Palmas,22.0,1.25,0.83,sot,Total shots on target,Over 6.5,0.5922,1.69,beats league average,,,22.6,,,
2026-09-27,17:30,SP2,Spain,La Liga 2,Spain · La Liga 2,Eibar v Las Palmas,Eibar,Las Palmas,22.0,1.25,0.83,sot,Total shots on target,Under 6.5,0.4078,2.45,beats league average,,,22.6,,,
2026-09-27,17:30,SP2,Spain,La Liga 2,Spain · La Liga 2,Eibar v Las Palmas,Eibar,Las Palmas,22.0,1.25,0.83,sot,Total shots on target,Over 7.5,0.4557,2.19,beats league average,,,22.6,,,
2026-09-27,17:30,SP2,Spain,La Liga 2,Spain · La Liga 2,Eibar v Las Palmas,Eibar,Las Palmas,22.0,1.25,0.83,sot,Total shots on target,Under 7.5,0.5443,1.84,beats league average,,,22.6,,,
2026-09-27,17:30,SP2,Spain,La Liga 2,Spain · La Liga 2,Eibar v Las Palmas,Eibar,Las Palmas,22.0,1.25,0.83,sot,Total shots on target,Over 8.5,0.3305,3.03,beats league average,,,22.6,,,
2026-09-27,17:30,SP2,Spain,La Liga 2,Spain · La Liga 2,Eibar v Las Palmas,Eibar,Las Palmas,22.0,1.25,0.83,sot,Total shots on target,Under 8.5,0.6695,1.49,beats league average,,,22.6,,,
2026-09-27,17:30,SP2,Spain,La Liga 2,Spain · La Liga 2,Eibar v Las Palmas,Eibar,Las Palmas,22.0,1.25,0.83,sot,Home shots on target,Over 2.5,0.7347,1.36,beats league average,,,22.6,,,
2026-09-27,17:30,SP2,Spain,La Liga 2,Spain · La Liga 2,Eibar v Las Palmas,Eibar,Las Palmas,22.0,1.25,0.83,sot,Home shots on target,Over 3.5,0.5471,1.83,beats league average,,,22.6,,,
2026-09-27,17:30,SP2,Spain,La Liga 2,Spain · La Liga 2,Eibar v Las Palmas,Eibar,Las Palmas,22.0,1.25,0.83,sot,Away shots on target,Over 2.5,0.6416,1.56,beats league average,,,22.6,,,
2026-09-27,17:30,SP2,Spain,La Liga 2,Spain · La Liga 2,Eibar v Las Palmas,Eibar,Las Palmas,22.0,1.25,0.83,sot,Away shots on target,Over 3.5,0.4381,2.28,beats league average,,,22.6,,,
2026-09-27,17:30,SP2,Spain,La Liga 2,Spain · La Liga 2,Eibar v Las Palmas,Eibar,Las Palmas,22.0,1.25,0.83,corners,Total corners,Over 7.5,0.6081,1.64,no better than league average,,,22.6,7.4,,
2026-09-27,17:30,SP2,Spain,La Liga 2,Spain · La Liga 2,Eibar v Las Palmas,Eibar,Las Palmas,22.0,1.25,0.83,corners,Total corners,Under 7.5,0.3919,2.55,no better than league average,,,22.6,7.4,,
2026-09-27,17:30,SP2,Spain,La Liga 2,Spain · La Liga 2,Eibar v Las Palmas,Eibar,Las Palmas,22.0,1.25,0.83,corners,Total corners,Over 8.5,0.4922,2.03,no better than league average,,,22.6,7.4,,
2026-09-27,17:30,SP2,Spain,La Liga 2,Spain · La Liga 2,Eibar v Las Palmas,Eibar,Las Palmas,22.0,1.25,0.83,corners,Total corners,Under 8.5,0.5078,1.97,no better than league average,,,22.6,7.4,,
2026-09-27,17:30,SP2,Spain,La Liga 2,Spain · La Liga 2,Eibar v Las Palmas,Eibar,Las Palmas,22.0,1.25,0.83,corners,Total corners,Over 9.5,0.3825,2.61,no better than league average,,,22.6,7.4,,
2026-09-27,17:30,SP2,Spain,La Liga 2,Spain · La Liga 2,Eibar v Las Palmas,Eibar,Las Palmas,22.0,1.25,0.83,corners,Total corners,Under 9.5,0.6175,1.62,no better than league average,,,22.6,7.4,,
2026-09-27,17:30,SP2,Spain,La Liga 2,Spain · La Liga 2,Eibar v Las Palmas,Eibar,Las Palmas,22.0,1.25,0.83,corners,Home corners,Over 3.5,0.5621,1.78,no better than league average,,,22.6,7.4,,
2026-09-27,17:30,SP2,Spain,La Liga 2,Spain · La Liga 2,Eibar v Las Palmas,Eibar,Las Palmas,22.0,1.25,0.83,corners,Home corners,Over 4.5,0.3978,2.51,no better than league average,,,22.6,7.4,,
2026-09-27,17:30,SP2,Spain,La Liga 2,Spain · La Liga 2,Eibar v Las Palmas,Eibar,Las Palmas,22.0,1.25,0.83,corners,Away corners,Over 3.5,0.6239,1.6,no better than league average,,,22.6,7.4,,
2026-09-27,17:30,SP2,Spain,La Liga 2,Spain · La Liga 2,Eibar v Las Palmas,Eibar,Las Palmas,22.0,1.25,0.83,corners,Away corners,Over 4.5,0.4614,2.17,no better than league average,,,22.6,7.4,,
2026-09-27,17:30,SP2,Spain,La Liga 2,Spain · La Liga 2,Eibar v Las Palmas,Eibar,Las Palmas,22.0,1.25,0.83,fouls,Total fouls,Over 22.5,0.6393,1.56,beats league average,,,22.6,7.4,8.7,
2026-09-27,17:30,SP2,Spain,La Liga 2,Spain · La Liga 2,Eibar v Las Palmas,Eibar,Las Palmas,22.0,1.25,0.83,fouls,Total fouls,Under 22.5,0.3607,2.77,beats league average,,,22.6,7.4,8.7,
2026-09-27,17:30,SP2,Spain,La Liga 2,Spain · La Liga 2,Eibar v Las Palmas,Eibar,Las Palmas,22.0,1.25,0.83,fouls,Total fouls,Over 24.5,0.5059,1.98,beats league average,,,22.6,7.4,8.7,
2026-09-27,17:30,SP2,Spain,La Liga 2,Spain · La Liga 2,Eibar v Las Palmas,Eibar,Las Palmas,22.0,1.25,0.83,fouls,Total fouls,Under 24.5,0.4941,2.02,beats league average,,,22.6,7.4,8.7,
2026-09-27,17:30,SP2,Spain,La Liga 2,Spain · La Liga 2,Eibar v Las Palmas,Eibar,Las Palmas,22.0,1.25,0.83,fouls,Total fouls,Over 26.5,0.3764,2.66,beats league average,,,22.6,7.4,8.7,
2026-09-27,17:30,SP2,Spain,La Liga 2,Spain · La Liga 2,Eibar v Las Palmas,Eibar,Las Palmas,22.0,1.25,0.83,fouls,Total fouls,Under 26.5,0.6236,1.6,beats league average,,,22.6,7.4,8.7,
2026-09-27,17:30,SP2,Spain,La Liga 2,Spain · La Liga 2,Eibar v Las Palmas,Eibar,Las Palmas,22.0,1.25,0.83,fouls,Home fouls,Over 13.5,0.6072,1.65,beats league average,,,22.6,7.4,8.7,
2026-09-27,17:30,SP2,Spain,La Liga 2,Spain · La Liga 2,Eibar v Las Palmas,Eibar,Las Palmas,22.0,1.25,0.83,fouls,Home fouls,Over 15.5,0.4351,2.3,beats league average,,,22.6,7.4,8.7,
2026-09-27,17:30,SP2,Spain,La Liga 2,Spain · La Liga 2,Eibar v Las Palmas,Eibar,Las Palmas,22.0,1.25,0.83,fouls,Away fouls,Over 7.5,0.7169,1.39,beats league average,,,22.6,7.4,8.7,
2026-09-27,17:30,SP2,Spain,La Liga 2,Spain · La Liga 2,Eibar v Las Palmas,Eibar,Las Palmas,22.0,1.25,0.83,fouls,Away fouls,Over 9.5,0.5039,1.98,beats league average,,,22.6,7.4,8.7,
2026-09-27,17:30,SP2,Spain,La Liga 2,Spain · La Liga 2,Eibar v Las Palmas,Eibar,Las Palmas,22.0,1.25,0.83,yellows,Total yellow cards,Over 2.5,0.7439,1.34,no better than league average,,,22.6,7.4,8.7,24.9
2026-09-27,17:30,SP2,Spain,La Liga 2,Spain · La Liga 2,Eibar v Las Palmas,Eibar,Las Palmas,22.0,1.25,0.83,yellows,Total yellow cards,Under 2.5,0.2561,3.9,no better than league average,,,22.6,7.4,8.7,24.9
2026-09-27,17:30,SP2,Spain,La Liga 2,Spain · La Liga 2,Eibar v Las Palmas,Eibar,Las Palmas,22.0,1.25,0.83,yellows,Total yellow cards,Over 3.5,0.5428,1.84,no better than league average,,,22.6,7.4,8.7,24.9
2026-09-27,17:30,SP2,Spain,La Liga 2,Spain · La Liga 2,Eibar v Las Palmas,Eibar,Las Palmas,22.0,1.25,0.83,yellows,Total yellow cards,Under 3.5,0.4572,2.19,no better than league average,,,22.6,7.4,8.7,24.9
2026-09-27,17:30,SP2,Spain,La Liga 2,Spain · La Liga 2,Eibar v Las Palmas,Eibar,Las Palmas,22.0,1.25,0.83,yellows,Total yellow cards,Over 4.5,0.3478,2.87,no better than league average,,,22.6,7.4,8.7,24.9
2026-09-27,17:30,SP2,Spain,La Liga 2,Spain · La Liga 2,Eibar v Las Palmas,Eibar,Las Palmas,22.0,1.25,0.83,yellows,Total yellow cards,Under 4.5,0.6522,1.53,no better than league average,,,22.6,7.4,8.7,24.9
2026-09-27,17:30,SP2,Spain,La Liga 2,Spain · La Liga 2,Eibar v Las Palmas,Eibar,Las Palmas,22.0,1.25,0.83,yellows,Home yellow cards,Over 1.5,0.6593,1.52,no better than league average,,,22.6,7.4,8.7,24.9
2026-09-27,17:30,SP2,Spain,La Liga 2,Spain · La Liga 2,Eibar v Las Palmas,Eibar,Las Palmas,22.0,1.25,0.83,yellows,Home yellow cards,Over 2.5,0.3928,2.55,no better than league average,,,22.6,7.4,8.7,24.9
2026-09-27,17:30,SP2,Spain,La Liga 2,Spain · La Liga 2,Eibar v Las Palmas,Eibar,Las Palmas,22.0,1.25,0.83,yellows,Away yellow cards,Over 0.5,0.8026,1.25,no better than league average,,,22.6,7.4,8.7,24.9
2026-09-27,17:30,SP2,Spain,La Liga 2,Spain · La Liga 2,Eibar v Las Palmas,Eibar,Las Palmas,22.0,1.25,0.83,yellows,Away yellow cards,Over 1.5,0.4823,2.07,no better than league average,,,22.6,7.4,8.7,24.9
2026-09-28,19:30,SP2,Spain,La Liga 2,Spain · La Liga 2,Leganes v Castellon,Leganes,Castellon,22.9,1.04,1.45,goals,1X2,Home,0.2713,3.69,no better than league average,2.75,-25.4,,,,
2026-09-28,19:30,SP2,Spain,La Liga 2,Spain · La Liga 2,Leganes v Castellon,Leganes,Castellon,22.9,1.04,1.45,goals,1X2,Draw,0.2629,3.8,no better than league average,3.4,-10.62,,,,
2026-09-28,19:30,SP2,Spain,La Liga 2,Spain · La Liga 2,Leganes v Castellon,Leganes,Castellon,22.9,1.04,1.45,goals,1X2,Away,0.4658,2.15,no better than league average,2.32,8.07,,,,
2026-09-28,19:30,SP2,Spain,La Liga 2,Spain · La Liga 2,Leganes v Castellon,Leganes,Castellon,22.9,1.04,1.45,goals,Double chance,Home or Draw,0.5342,1.87,no better than league average,,,,,,
2026-09-28,19:30,SP2,Spain,La Liga 2,Spain · La Liga 2,Leganes v Castellon,Leganes,Castellon,22.9,1.04,1.45,goals,Double chance,Home or Away,0.7371,1.36,no better than league average,,,,,,
2026-09-28,19:30,SP2,Spain,La Liga 2,Spain · La Liga 2,Leganes v Castellon,Leganes,Castellon,22.9,1.04,1.45,goals,Double chance,Draw or Away,0.7287,1.37,no better than league average,,,,,,
2026-09-28,19:30,SP2,Spain,La Liga 2,Spain · La Liga 2,Leganes v Castellon,Leganes,Castellon,22.9,1.04,1.45,goals,Total goals,Over 0.5,0.9175,1.09,no better than league average,,,,,,
2026-09-28,19:30,SP2,Spain,La Liga 2,Spain · La Liga 2,Leganes v Castellon,Leganes,Castellon,22.9,1.04,1.45,goals,Total goals,Under 0.5,0.0825,12.12,no better than league average,,,,,,
2026-09-28,19:30,SP2,Spain,La Liga 2,Spain · La Liga 2,Leganes v Castellon,Leganes,Castellon,22.9,1.04,1.45,goals,Total goals,Over 1.5,0.71,1.41,no better than league average,,,,,,
2026-09-28,19:30,SP2,Spain,La Liga 2,Spain · La Liga 2,Leganes v Castellon,Leganes,Castellon,22.9,1.04,1.45,goals,Total goals,Under 1.5,0.29,3.45,no better than league average,,,,,,
2026-09-28,19:30,SP2,Spain,La Liga 2,Spain · La Liga 2,Leganes v Castellon,Leganes,Castellon,22.9,1.04,1.45,goals,Total goals,Over 2.5,0.4534,2.21,no better than league average,1.85,-16.12,,,,
2026-09-28,19:30,SP2,Spain,La Liga 2,Spain · La Liga 2,Leganes v Castellon,Leganes,Castellon,22.9,1.04,1.45,goals,Total goals,Under 2.5,0.5466,1.83,no better than league average,1.95,6.58,,,,
2026-09-28,19:30,SP2,Spain,La Liga 2,Spain · La Liga 2,Leganes v Castellon,Leganes,Castellon,22.9,1.04,1.45,goals,Total goals,Over 3.5,0.2401,4.16,no better than league average,,,,,,
2026-09-28,19:30,SP2,Spain,La Liga 2,Spain · La Liga 2,Leganes v Castellon,Leganes,Castellon,22.9,1.04,1.45,goals,Total goals,Under 3.5,0.7599,1.32,no better than league average,,,,,,
2026-09-28,19:30,SP2,Spain,La Liga 2,Spain · La Liga 2,Leganes v Castellon,Leganes,Castellon,22.9,1.04,1.45,goals,Total goals,Over 4.5,0.1074,9.31,no better than league average,,,,,,
2026-09-28,19:30,SP2,Spain,La Liga 2,Spain · La Liga 2,Leganes v Castellon,Leganes,Castellon,22.9,1.04,1.45,goals,Total goals,Under 4.5,0.8926,1.12,no better than league average,,,,,,
2026-09-28,19:30,SP2,Spain,La Liga 2,Spain · La Liga 2,Leganes v Castellon,Leganes,Castellon,22.9,1.04,1.45,goals,Both teams to score,Yes,0.4942,2.02,no better than league average,,,,,,
2026-09-28,19:30,SP2,Spain,La Liga 2,Spain · La Liga 2,Leganes v Castellon,Leganes,Castellon,22.9,1.04,1.45,goals,Both teams to score,No,0.5058,1.98,no better than league average,,,,,,
2026-09-28,19:30,SP2,Spain,La Liga 2,Spain · La Liga 2,Leganes v Castellon,Leganes,Castellon,22.9,1.04,1.45,goals,Home team goals,Over 0.5,0.6463,1.55,no better than league average,,,,,,
2026-09-28,19:30,SP2,Spain,La Liga 2,Spain · La Liga 2,Leganes v Castellon,Leganes,Castellon,22.9,1.04,1.45,goals,Home team goals,Over 1.5,0.2787,3.59,no better than league average,,,,,,
2026-09-28,19:30,SP2,Spain,La Liga 2,Spain · La Liga 2,Leganes v Castellon,Leganes,Castellon,22.9,1.04,1.45,goals,Home team goals,Over 2.5,0.0877,11.4,no better than league average,,,,,,
2026-09-28,19:30,SP2,Spain,La Liga 2,Spain · La Liga 2,Leganes v Castellon,Leganes,Castellon,22.9,1.04,1.45,goals,Away team goals,Over 0.5,0.7654,1.31,no better than league average,,,,,,
2026-09-28,19:30,SP2,Spain,La Liga 2,Spain · La Liga 2,Leganes v Castellon,Leganes,Castellon,22.9,1.04,1.45,goals,Away team goals,Over 1.5,0.4252,2.35,no better than league average,,,,,,
2026-09-28,19:30,SP2,Spain,La Liga 2,Spain · La Liga 2,Leganes v Castellon,Leganes,Castellon,22.9,1.04,1.45,goals,Away team goals,Over 2.5,0.1787,5.6,no better than league average,,,,,,
2026-09-28,19:30,SP2,Spain,La Liga 2,Spain · La Liga 2,Leganes v Castellon,Leganes,Castellon,22.9,1.04,1.45,goals,Asian handicap,Home +0.25,0.4637,2.16,no better than league average,1.78,-17.47,,,,
2026-09-28,19:30,SP2,Spain,La Liga 2,Spain · La Liga 2,Leganes v Castellon,Leganes,Castellon,22.9,1.04,1.45,goals,Asian handicap,Away -0.25,0.5363,1.86,no better than league average,2.03,8.87,,,,
2026-09-28,19:30,SP2,Spain,La Liga 2,Spain · La Liga 2,Leganes v Castellon,Leganes,Castellon,22.9,1.04,1.45,ht_goals,Half-time result,Home,0.1939,5.16,no better than league average,,,,,,
2026-09-28,19:30,SP2,Spain,La Liga 2,Spain · La Liga 2,Leganes v Castellon,Leganes,Castellon,22.9,1.04,1.45,ht_goals,Half-time result,Draw,0.4741,2.11,no better than league average,,,,,,
2026-09-28,19:30,SP2,Spain,La Liga 2,Spain · La Liga 2,Leganes v Castellon,Leganes,Castellon,22.9,1.04,1.45,ht_goals,Half-time result,Away,0.332,3.01,no better than league average,,,,,,
2026-09-28,19:30,SP2,Spain,La Liga 2,Spain · La Liga 2,Leganes v Castellon,Leganes,Castellon,22.9,1.04,1.45,ht_goals,Half-time goals,Over 0.5,0.614,1.63,no better than league average,,,,,,
2026-09-28,19:30,SP2,Spain,La Liga 2,Spain · La Liga 2,Leganes v Castellon,Leganes,Castellon,22.9,1.04,1.45,ht_goals,Half-time goals,Over 1.5,0.2466,4.06,no better than league average,,,,,,
2026-09-28,19:30,SP2,Spain,La Liga 2,Spain · La Liga 2,Leganes v Castellon,Leganes,Castellon,22.9,1.04,1.45,ht_goals,Half-time goals,Over 2.5,0.0717,13.95,no better than league average,,,,,,
2026-09-28,19:30,SP2,Spain,La Liga 2,Spain · La Liga 2,Leganes v Castellon,Leganes,Castellon,22.9,1.04,1.45,shots,Total shots,Over 22.5,0.6267,1.6,marginal,,,,,,
2026-09-28,19:30,SP2,Spain,La Liga 2,Spain · La Liga 2,Leganes v Castellon,Leganes,Castellon,22.9,1.04,1.45,shots,Total shots,Under 22.5,0.3733,2.68,marginal,,,,,,
2026-09-28,19:30,SP2,Spain,La Liga 2,Spain · La Liga 2,Leganes v Castellon,Leganes,Castellon,22.9,1.04,1.45,shots,Total shots,Over 24.5,0.5032,1.99,marginal,,,,,,
2026-09-28,19:30,SP2,Spain,La Liga 2,Spain · La Liga 2,Leganes v Castellon,Leganes,Castellon,22.9,1.04,1.45,shots,Total shots,Under 24.5,0.4968,2.01,marginal,,,,,,
2026-09-28,19:30,SP2,Spain,La Liga 2,Spain · La Liga 2,Leganes v Castellon,Leganes,Castellon,22.9,1.04,1.45,shots,Total shots,Over 26.5,0.3839,2.6,marginal,,,,,,
2026-09-28,19:30,SP2,Spain,La Liga 2,Spain · La Liga 2,Leganes v Castellon,Leganes,Castellon,22.9,1.04,1.45,shots,Total shots,Under 26.5,0.6161,1.62,marginal,,,,,,
2026-09-28,19:30,SP2,Spain,La Liga 2,Spain · La Liga 2,Leganes v Castellon,Leganes,Castellon,22.9,1.04,1.45,shots,Home shots,Over 8.5,0.6689,1.5,marginal,,,,,,
2026-09-28,19:30,SP2,Spain,La Liga 2,Spain · La Liga 2,Leganes v Castellon,Leganes,Castellon,22.9,1.04,1.45,shots,Home shots,Over 10.5,0.4772,2.1,marginal,,,,,,
2026-09-28,19:30,SP2,Spain,La Liga 2,Spain · La Liga 2,Leganes v Castellon,Leganes,Castellon,22.9,1.04,1.45,shots,Away shots,Over 12.5,0.6148,1.63,marginal,,,,,,
2026-09-28,19:30,SP2,Spain,La Liga 2,Spain · La Liga 2,Leganes v Castellon,Leganes,Castellon,22.9,1.04,1.45,shots,Away shots,Over 14.5,0.4508,2.22,marginal,,,,,,
2026-09-28,19:30,SP2,Spain,La Liga 2,Spain · La Liga 2,Leganes v Castellon,Leganes,Castellon,22.9,1.04,1.45,sot,Total shots on target,Over 8.5,0.5471,1.83,beats league average,,,25.0,,,
2026-09-28,19:30,SP2,Spain,La Liga 2,Spain · La Liga 2,Leganes v Castellon,Leganes,Castellon,22.9,1.04,1.45,sot,Total shots on target,Under 8.5,0.4529,2.21,beats league average,,,25.0,,,
2026-09-28,19:30,SP2,Spain,La Liga 2,Spain · La Liga 2,Leganes v Castellon,Leganes,Castellon,22.9,1.04,1.45,sot,Total shots on target,Over 9.5,0.4257,2.35,beats league average,,,25.0,,,
2026-09-28,19:30,SP2,Spain,La Liga 2,Spain · La Liga 2,Leganes v Castellon,Leganes,Castellon,22.9,1.04,1.45,sot,Total shots on target,Under 9.5,0.5743,1.74,beats league average,,,25.0,,,
2026-09-28,19:30,SP2,Spain,La Liga 2,Spain · La Liga 2,Leganes v Castellon,Leganes,Castellon,22.9,1.04,1.45,sot,Total shots on target,Over 10.5,0.3153,3.17,beats league average,,,25.0,,,
2026-09-28,19:30,SP2,Spain,La Liga 2,Spain · La Liga 2,Leganes v Castellon,Leganes,Castellon,22.9,1.04,1.45,sot,Total shots on target,Under 10.5,0.6847,1.46,beats league average,,,25.0,,,
2026-09-28,19:30,SP2,Spain,La Liga 2,Spain · La Liga 2,Leganes v Castellon,Leganes,Castellon,22.9,1.04,1.45,sot,Home shots on target,Over 3.5,0.5823,1.72,beats league average,,,25.0,,,
2026-09-28,19:30,SP2,Spain,La Liga 2,Spain · La Liga 2,Leganes v Castellon,Leganes,Castellon,22.9,1.04,1.45,sot,Home shots on target,Over 4.5,0.4024,2.48,beats league average,,,25.0,,,
2026-09-28,19:30,SP2,Spain,La Liga 2,Spain · La Liga 2,Leganes v Castellon,Leganes,Castellon,22.9,1.04,1.45,sot,Away shots on target,Over 3.5,0.7026,1.42,beats league average,,,25.0,,,
2026-09-28,19:30,SP2,Spain,La Liga 2,Spain · La Liga 2,Leganes v Castellon,Leganes,Castellon,22.9,1.04,1.45,sot,Away shots on target,Over 4.5,0.5343,1.87,beats league average,,,25.0,,,
2026-09-28,19:30,SP2,Spain,La Liga 2,Spain · La Liga 2,Leganes v Castellon,Leganes,Castellon,22.9,1.04,1.45,corners,Total corners,Over 8.5,0.6198,1.61,no better than league average,,,25.0,9.1,,
2026-09-28,19:30,SP2,Spain,La Liga 2,Spain · La Liga 2,Leganes v Castellon,Leganes,Castellon,22.9,1.04,1.45,corners,Total corners,Under 8.5,0.3802,2.63,no better than league average,,,25.0,9.1,,
2026-09-28,19:30,SP2,Spain,La Liga 2,Spain · La Liga 2,Leganes v Castellon,Leganes,Castellon,22.9,1.04,1.45,corners,Total corners,Over 9.5,0.5111,1.96,no better than league average,,,25.0,9.1,,
2026-09-28,19:30,SP2,Spain,La Liga 2,Spain · La Liga 2,Leganes v Castellon,Leganes,Castellon,22.9,1.04,1.45,corners,Total corners,Under 9.5,0.4889,2.05,no better than league average,,,25.0,9.1,,
2026-09-28,19:30,SP2,Spain,La Liga 2,Spain · La Liga 2,Leganes v Castellon,Leganes,Castellon,22.9,1.04,1.45,corners,Total corners,Over 10.5,0.4063,2.46,no better than league average,,,25.0,9.1,,
2026-09-28,19:30,SP2,Spain,La Liga 2,Spain · La Liga 2,Leganes v Castellon,Leganes,Castellon,22.9,1.04,1.45,corners,Total corners,Under 10.5,0.5937,1.68,no better than league average,,,25.0,9.1,,
2026-09-28,19:30,SP2,Spain,La Liga 2,Spain · La Liga 2,Leganes v Castellon,Leganes,Castellon,22.9,1.04,1.45,corners,Home corners,Over 3.5,0.5417,1.85,no better than league average,,,25.0,9.1,,
2026-09-28,19:30,SP2,Spain,La Liga 2,Spain · La Liga 2,Leganes v Castellon,Leganes,Castellon,22.9,1.04,1.45,corners,Home corners,Over 4.5,0.3778,2.65,no better than league average,,,25.0,9.1,,
2026-09-28,19:30,SP2,Spain,La Liga 2,Spain · La Liga 2,Leganes v Castellon,Leganes,Castellon,22.9,1.04,1.45,corners,Away corners,Over 4.5,0.6505,1.54,no better than league average,,,25.0,9.1,,
2026-09-28,19:30,SP2,Spain,La Liga 2,Spain · La Liga 2,Leganes v Castellon,Leganes,Castellon,22.9,1.04,1.45,corners,Away corners,Over 5.5,0.507,1.97,no better than league average,,,25.0,9.1,,
2026-09-28,19:30,SP2,Spain,La Liga 2,Spain · La Liga 2,Leganes v Castellon,Leganes,Castellon,22.9,1.04,1.45,fouls,Total fouls,Over 24.5,0.6274,1.59,beats league average,,,25.0,9.1,9.9,
2026-09-28,19:30,SP2,Spain,La Liga 2,Spain · La Liga 2,Leganes v Castellon,Leganes,Castellon,22.9,1.04,1.45,fouls,Total fouls,Under 24.5,0.3726,2.68,beats league average,,,25.0,9.1,9.9,
2026-09-28,19:30,SP2,Spain,La Liga 2,Spain · La Liga 2,Leganes v Castellon,Leganes,Castellon,22.9,1.04,1.45,fouls,Total fouls,Over 26.5,0.4987,2.01,beats league average,,,25.0,9.1,9.9,
2026-09-28,19:30,SP2,Spain,La Liga 2,Spain · La Liga 2,Leganes v Castellon,Leganes,Castellon,22.9,1.04,1.45,fouls,Total fouls,Under 26.5,0.5013,1.99,beats league average,,,25.0,9.1,9.9,
2026-09-28,19:30,SP2,Spain,La Liga 2,Spain · La Liga 2,Leganes v Castellon,Leganes,Castellon,22.9,1.04,1.45,fouls,Total fouls,Over 28.5,0.3741,2.67,beats league average,,,25.0,9.1,9.9,
2026-09-28,19:30,SP2,Spain,La Liga 2,Spain · La Liga 2,Leganes v Castellon,Leganes,Castellon,22.9,1.04,1.45,fouls,Total fouls,Under 28.5,0.6259,1.6,beats league average,,,25.0,9.1,9.9,
2026-09-28,19:30,SP2,Spain,La Liga 2,Spain · La Liga 2,Leganes v Castellon,Leganes,Castellon,22.9,1.04,1.45,fouls,Home fouls,Over 10.5,0.683,1.46,beats league average,,,25.0,9.1,9.9,
2026-09-28,19:30,SP2,Spain,La Liga 2,Spain · La Liga 2,Leganes v Castellon,Leganes,Castellon,22.9,1.04,1.45,fouls,Home fouls,Over 12.5,0.4959,2.02,beats league average,,,25.0,9.1,9.9,
2026-09-28,19:30,SP2,Spain,La Liga 2,Spain · La Liga 2,Leganes v Castellon,Leganes,Castellon,22.9,1.04,1.45,fouls,Away fouls,Over 12.5,0.6087,1.64,beats league average,,,25.0,9.1,9.9,
2026-09-28,19:30,SP2,Spain,La Liga 2,Spain · La Liga 2,Leganes v Castellon,Leganes,Castellon,22.9,1.04,1.45,fouls,Away fouls,Over 14.5,0.4304,2.32,beats league average,,,25.0,9.1,9.9,
2026-09-28,19:30,SP2,Spain,La Liga 2,Spain · La Liga 2,Leganes v Castellon,Leganes,Castellon,22.9,1.04,1.45,yellows,Total yellow cards,Over 4.5,0.5723,1.75,no better than league average,,,25.0,9.1,9.9,26.8
2026-09-28,19:30,SP2,Spain,La Liga 2,Spain · La Liga 2,Leganes v Castellon,Leganes,Castellon,22.9,1.04,1.45,yellows,Total yellow cards,Under 4.5,0.4277,2.34,no better than league average,,,25.0,9.1,9.9,26.8
2026-09-28,19:30,SP2,Spain,La Liga 2,Spain · La Liga 2,Leganes v Castellon,Leganes,Castellon,22.9,1.04,1.45,yellows,Total yellow cards,Over 5.5,0.397,2.52,no better than league average,,,25.0,9.1,9.9,26.8
2026-09-28,19:30,SP2,Spain,La Liga 2,Spain · La Liga 2,Leganes v Castellon,Leganes,Castellon,22.9,1.04,1.45,yellows,Total yellow cards,Under 5.5,0.603,1.66,no better than league average,,,25.0,9.1,9.9,26.8
2026-09-28,19:30,SP2,Spain,La Liga 2,Spain · La Liga 2,Leganes v Castellon,Leganes,Castellon,22.9,1.04,1.45,yellows,Total yellow cards,Over 6.5,0.2487,4.02,no better than league average,,,25.0,9.1,9.9,26.8
2026-09-28,19:30,SP2,Spain,La Liga 2,Spain · La Liga 2,Leganes v Castellon,Leganes,Castellon,22.9,1.04,1.45,yellows,Total yellow cards,Under 6.5,0.7513,1.33,no better than league average,,,25.0,9.1,9.9,26.8
2026-09-28,19:30,SP2,Spain,La Liga 2,Spain · La Liga 2,Leganes v Castellon,Leganes,Castellon,22.9,1.04,1.45,yellows,Home yellow cards,Over 1.5,0.7283,1.37,no better than league average,,,25.0,9.1,9.9,26.8
2026-09-28,19:30,SP2,Spain,La Liga 2,Spain · La Liga 2,Leganes v Castellon,Leganes,Castellon,22.9,1.04,1.45,yellows,Home yellow cards,Over 2.5,0.476,2.1,no better than league average,,,25.0,9.1,9.9,26.8
2026-09-28,19:30,SP2,Spain,La Liga 2,Spain · La Liga 2,Leganes v Castellon,Leganes,Castellon,22.9,1.04,1.45,yellows,Away yellow cards,Over 1.5,0.7119,1.4,no better than league average,,,25.0,9.1,9.9,26.8
2026-09-28,19:30,SP2,Spain,La Liga 2,Spain · La Liga 2,Leganes v Castellon,Leganes,Castellon,22.9,1.04,1.45,yellows,Away yellow cards,Over 2.5,0.4552,2.2,no better than league average,,,25.0,9.1,9.9,26.8
